Rejected Assets
Portfolio,Holdings Date,Asset ID,Asset ID Type,Asset Name,Rejection Reason,Risk Model
UTMF10310002,2023/09/30,99QAHB0G5,99QAHB0G5,TRS EL CAREMAX INC,Security matured,GEMLTL
UTMF10850002,2023/09/30,99QAHB0G5,99QAHB0G5,TRS EL CAREMAX INC,Security matured,GEMLTL
UTMF11110002,2023/09/30,FXFORWARDLEG-PAY-USDFORWARD03202024.USD.AED.20240320.3.67020010573367-BARRAID,FXFORWARDLEG-PAY-USDFORWARD03202024.USD.AED.20240320.3.67020010573367-BARRAID,AED FX Forward Leg,Missing Factor Exposures,GEMLTL
UTMF11110002,2023/09/30,FXFORWARDLEG-PAY-USDFORWARD03202024.USD.AED.20240320.3.67023045824047-BARRAID,FXFORWARDLEG-PAY-USDFORWARD03202024.USD.AED.20240320.3.67023045824047-BARRAID,AED FX Forward Leg,Missing Factor Exposures,GEMLTL
UTMF11110002,2023/09/30,FXFORWARDLEG-PAY-USDFORWARD03202024.USD.AED.20240320.3.67039996596729-BARRAID,FXFORWARDLEG-PAY-USDFORWARD03202024.USD.AED.20240320.3.67039996596729-BARRAID,AED FX Forward Leg,Missing Factor Exposures,GEMLTL
UTMF11110002,2023/09/30,FXFORWARDLEG-PAY-USDFORWARD03202024.USD.KWD.20240320.0.303199995093091-BARRAID,FXFORWARDLEG-PAY-USDFORWARD03202024.USD.KWD.20240320.0.303199995093091-BARRAID,KWD FX Forward Leg,Missing Factor Exposures,GEMLTL
UTMF11110002,2023/09/30,FXFORWARDLEG-PAY-USDFORWARD03202024.USD.KWD.20240320.0.303329920549355-BARRAID,FXFORWARDLEG-PAY-USDFORWARD03202024.USD.KWD.20240320.0.303329920549355-BARRAID,KWD FX Forward Leg,Missing Factor Exposures,GEMLTL
UTMF11110002,2023/09/30,FXFORWARDLEG-PAY-USDFORWARD03202024.USD.KWD.20240320.0.30332994936661-BARRAID,FXFORWARDLEG-PAY-USDFORWARD03202024.USD.KWD.20240320.0.30332994936661-BARRAID,KWD FX Forward Leg,Missing Factor Exposures,GEMLTL
UTMF11110002,2023/09/30,FXFORWARDLEG-PAY-USDFORWARD03202024.USD.KWD.20240320.0.303820020063343-BARRAID,FXFORWARDLEG-PAY-USDFORWARD03202024.USD.KWD.20240320.0.303820020063343-BARRAID,KWD FX Forward Leg,Missing Factor Exposures,GEMLTL
UTMF11110002,2023/09/30,FXFORWARDLEG-PAY-USDFORWARD03202024.USD.KWD.20240320.0.30454958598434-BARRAID,FXFORWARDLEG-PAY-USDFORWARD03202024.USD.KWD.20240320.0.30454958598434-BARRAID,KWD FX Forward Leg,Missing Factor Exposures,GEMLTL
UTMF11110002,2023/09/30,FXFORWARDLEG-PAY-USDFORWARD03202024.USD.KWD.20240320.0.30492075390876-BARRAID,FXFORWARDLEG-PAY-USDFORWARD03202024.USD.KWD.20240320.0.30492075390876-BARRAID,KWD FX Forward Leg,Missing Factor Exposures,GEMLTL
UTMF11110002,2023/09/30,FXFORWARDLEG-PAY-USDFORWARD03202024.USD.KWD.20240320.0.305920242030913-BARRAID,FXFORWARDLEG-PAY-USDFORWARD03202024.USD.KWD.20240320.0.305920242030913-BARRAID,KWD FX Forward Leg,Missing Factor Exposures,GEMLTL
UTMF11110002,2023/09/30,FXFORWARDLEG-PAY-USDFORWARD03202024.USD.KZT.20240320.468.499938575537-BARRAID,FXFORWARDLEG-PAY-USDFORWARD03202024.USD.KZT.20240320.468.499938575537-BARRAID,KZT FX Forward Leg,Missing Factor Exposures,GEMLTL
UTMF11110002,2023/09/30,FXFORWARDLEG-PAY-USDFORWARD03202024.USD.KZT.20240320.471.000118581392-BARRAID,FXFORWARDLEG-PAY-USDFORWARD03202024.USD.KZT.20240320.471.000118581392-BARRAID,KZT FX Forward Leg,Missing Factor Exposures,GEMLTL
UTMF11110002,2023/09/30,FXFORWARDLEG-PAY-USDFORWARD03202024.USD.KZT.20240320.471.000554595334-BARRAID,FXFORWARDLEG-PAY-USDFORWARD03202024.USD.KZT.20240320.471.000554595334-BARRAID,KZT FX Forward Leg,Missing Factor Exposures,GEMLTL
UTMF11110002,2023/09/30,FXFORWARDLEG-PAY-USDFORWARD03202024.USD.KZT.20240320.476.500075238254-BARRAID,FXFORWARDLEG-PAY-USDFORWARD03202024.USD.KZT.20240320.476.500075238254-BARRAID,KZT FX Forward Leg,Missing Factor Exposures,GEMLTL
UTMF11110002,2023/09/30,FXFORWARDLEG-PAY-USDFORWARD03202024.USD.KZT.20240320.478.500009491993-BARRAID,FXFORWARDLEG-PAY-USDFORWARD03202024.USD.KZT.20240320.478.500009491993-BARRAID,KZT FX Forward Leg,Missing Factor Exposures,GEMLTL
UTMF11110002,2023/09/30,FXFORWARDLEG-PAY-USDFORWARD03202024.USD.KZT.20240320.479.49998363146-BARRAID,FXFORWARDLEG-PAY-USDFORWARD03202024.USD.KZT.20240320.479.49998363146-BARRAID,KZT FX Forward Leg,Missing Factor Exposures,GEMLTL
UTMF11110002,2023/09/30,FXFORWARDLEG-PAY-USDFORWARD03202024.USD.KZT.20240320.479.750011614306-BARRAID,FXFORWARDLEG-PAY-USDFORWARD03202024.USD.KZT.20240320.479.750011614306-BARRAID,KZT FX Forward Leg,Missing Factor Exposures,GEMLTL
UTMF11110002,2023/09/30,FXFORWARDLEG-PAY-USDFORWARD03202024.USD.KZT.20240320.480.150015681772-BARRAID,FXFORWARDLEG-PAY-USDFORWARD03202024.USD.KZT.20240320.480.150015681772-BARRAID,KZT FX Forward Leg,Missing Factor Exposures,GEMLTL
UTMF11110002,2023/09/30,FXFORWARDLEG-PAY-USDFORWARD03202024.USD.KZT.20240320.480.749954353825-BARRAID,FXFORWARDLEG-PAY-USDFORWARD03202024.USD.KZT.20240320.480.749954353825-BARRAID,KZT FX Forward Leg,Missing Factor Exposures,GEMLTL
UTMF11110002,2023/09/30,FXFORWARDLEG-PAY-USDFORWARD03202024.USD.KZT.20240320.484.500093414722-BARRAID,FXFORWARDLEG-PAY-USDFORWARD03202024.USD.KZT.20240320.484.500093414722-BARRAID,KZT FX Forward Leg,Missing Factor Exposures,GEMLTL
UTMF11110002,2023/09/30,FXFORWARDLEG-PAY-USDFORWARD03202024.USD.KZT.20240320.486.999986810493-BARRAID,FXFORWARDLEG-PAY-USDFORWARD03202024.USD.KZT.20240320.486.999986810493-BARRAID,KZT FX Forward Leg,Missing Factor Exposures,GEMLTL
UTMF11110002,2023/09/30,FXFORWARDLEG-PAY-USDFORWARD03202024.USD.KZT.20240320.489.750033698849-BARRAID,FXFORWARDLEG-PAY-USDFORWARD03202024.USD.KZT.20240320.489.750033698849-BARRAID,KZT FX Forward Leg,Missing Factor Exposures,GEMLTL
UTMF11110002,2023/09/30,FXFORWARDLEG-PAY-USDFORWARD03202024.USD.KZT.20240320.489.999962083975-BARRAID,FXFORWARDLEG-PAY-USDFORWARD03202024.USD.KZT.20240320.489.999962083975-BARRAID,KZT FX Forward Leg,Missing Factor Exposures,GEMLTL
UTMF11110002,2023/09/30,FXFORWARDLEG-PAY-USDFORWARD03202024.USD.KZT.20240320.494.000000610833-BARRAID,FXFORWARDLEG-PAY-USDFORWARD03202024.USD.KZT.20240320.494.000000610833-BARRAID,KZT FX Forward Leg,Missing Factor Exposures,GEMLTL
UTMF11110002,2023/09/30,FXFORWARDLEG-PAY-USDFORWARD03202024.USD.KZT.20240320.495.000062211812-BARRAID,FXFORWARDLEG-PAY-USDFORWARD03202024.USD.KZT.20240320.495.000062211812-BARRAID,KZT FX Forward Leg,Missing Factor Exposures,GEMLTL
UTMF11110002,2023/09/30,FXFORWARDLEG-PAY-USDFORWARD03202024.USD.KZT.20240320.495.249978837408-BARRAID,FXFORWARDLEG-PAY-USDFORWARD03202024.USD.KZT.20240320.495.249978837408-BARRAID,KZT FX Forward Leg,Missing Factor Exposures,GEMLTL
UTMF11110002,2023/09/30,FXFORWARDLEG-PAY-USDFORWARD03202024.USD.KZT.20240320.495.500076091037-BARRAID,FXFORWARDLEG-PAY-USDFORWARD03202024.USD.KZT.20240320.495.500076091037-BARRAID,KZT FX Forward Leg,Missing Factor Exposures,GEMLTL
UTMF11110002,2023/09/30,FXFORWARDLEG-PAY-USDFORWARD03202024.USD.KZT.20240320.495.500658633759-BARRAID,FXFORWARDLEG-PAY-USDFORWARD03202024.USD.KZT.20240320.495.500658633759-BARRAID,KZT FX Forward Leg,Missing Factor Exposures,GEMLTL
UTMF11110002,2023/09/30,FXFORWARDLEG-PAY-USDFORWARD03202024.USD.KZT.20240320.496.49995840072-BARRAID,FXFORWARDLEG-PAY-USDFORWARD03202024.USD.KZT.20240320.496.49995840072-BARRAID,KZT FX Forward Leg,Missing Factor Exposures,GEMLTL
UTMF11110002,2023/09/30,FXFORWARDLEG-PAY-USDFORWARD03202024.USD.KZT.20240320.496.499983338502-BARRAID,FXFORWARDLEG-PAY-USDFORWARD03202024.USD.KZT.20240320.496.499983338502-BARRAID,KZT FX Forward Leg,Missing Factor Exposures,GEMLTL
UTMF11110002,2023/09/30,FXFORWARDLEG-PAY-USDFORWARD03202024.USD.KZT.20240320.506.000013588967-BARRAID,FXFORWARDLEG-PAY-USDFORWARD03202024.USD.KZT.20240320.506.000013588967-BARRAID,KZT FX Forward Leg,Missing Factor Exposures,GEMLTL
UTMF11110002,2023/09/30,FXFORWARDLEG-PAY-USDFORWARD03202024.USD.KZT.20240320.507.500083197007-BARRAID,FXFORWARDLEG-PAY-USDFORWARD03202024.USD.KZT.20240320.507.500083197007-BARRAID,KZT FX Forward Leg,Missing Factor Exposures,GEMLTL
UTMF11110002,2023/09/30,FXFORWARDLEG-PAY-USDFORWARD03202024.USD.KZT.20240320.510.100191605046-BARRAID,FXFORWARDLEG-PAY-USDFORWARD03202024.USD.KZT.20240320.510.100191605046-BARRAID,KZT FX Forward Leg,Missing Factor Exposures,GEMLTL
UTMF11110002,2023/09/30,FXFORWARDLEG-PAY-USDFORWARD03202024.USD.KZT.20240320.510.849989151095-BARRAID,FXFORWARDLEG-PAY-USDFORWARD03202024.USD.KZT.20240320.510.849989151095-BARRAID,KZT FX Forward Leg,Missing Factor Exposures,GEMLTL
UTMF11110002,2023/09/30,FXFORWARDLEG-PAY-USDFORWARD03202024.USD.KZT.20240320.513.249990183043-BARRAID,FXFORWARDLEG-PAY-USDFORWARD03202024.USD.KZT.20240320.513.249990183043-BARRAID,KZT FX Forward Leg,Missing Factor Exposures,GEMLTL
UTMF11110002,2023/09/30,FXFORWARDLEG-PAY-USDFORWARD03202024.USD.MAD.20240320.10.0827998340908-BARRAID,FXFORWARDLEG-PAY-USDFORWARD03202024.USD.MAD.20240320.10.0827998340908-BARRAID,MAD FX Forward Leg,Missing Factor Exposures,GEMLTL
UTMF11110002,2023/09/30,FXFORWARDLEG-PAY-USDFORWARD03202024.USD.MAD.20240320.10.090001153516-BARRAID,FXFORWARDLEG-PAY-USDFORWARD03202024.USD.MAD.20240320.10.090001153516-BARRAID,MAD FX Forward Leg,Missing Factor Exposures,GEMLTL
UTMF11110002,2023/09/30,FXFORWARDLEG-PAY-USDFORWARD03202024.USD.MAD.20240320.10.1795005628818-BARRAID,FXFORWARDLEG-PAY-USDFORWARD03202024.USD.MAD.20240320.10.1795005628818-BARRAID,MAD FX Forward Leg,Missing Factor Exposures,GEMLTL
UTMF11110002,2023/09/30,FXFORWARDLEG-PAY-USDFORWARD06202024.USD.KWD.20240620.0.303350536918338-BARRAID,FXFORWARDLEG-PAY-USDFORWARD06202024.USD.KWD.20240620.0.303350536918338-BARRAID,KWD FX Forward Leg,Missing Factor Exposures,GEMLTL
UTMF11110002,2023/09/30,FXFORWARDLEG-PAY-USDFORWARD06202024.USD.KWD.20240620.0.303660134213833-BARRAID,FXFORWARDLEG-PAY-USDFORWARD06202024.USD.KWD.20240620.0.303660134213833-BARRAID,KWD FX Forward Leg,Missing Factor Exposures,GEMLTL
UTMF11110002,2023/09/30,FXFORWARDLEG-PAY-USDFORWARD06202024.USD.KZT.20240620.481.000022974207-BARRAID,FXFORWARDLEG-PAY-USDFORWARD06202024.USD.KZT.20240620.481.000022974207-BARRAID,KZT FX Forward Leg,Missing Factor Exposures,GEMLTL
UTMF11110002,2023/09/30,FXFORWARDLEG-PAY-USDFORWARD06202024.USD.KZT.20240620.481.250878270615-BARRAID,FXFORWARDLEG-PAY-USDFORWARD06202024.USD.KZT.20240620.481.250878270615-BARRAID,KZT FX Forward Leg,Missing Factor Exposures,GEMLTL
UTMF11110002,2023/09/30,FXFORWARDLEG-PAY-USDFORWARD06202024.USD.KZT.20240620.481.499747843646-BARRAID,FXFORWARDLEG-PAY-USDFORWARD06202024.USD.KZT.20240620.481.499747843646-BARRAID,KZT FX Forward Leg,Missing Factor Exposures,GEMLTL
UTMF11110002,2023/09/30,FXFORWARDLEG-PAY-USDFORWARD06202024.USD.KZT.20240620.490.500061560583-BARRAID,FXFORWARDLEG-PAY-USDFORWARD06202024.USD.KZT.20240620.490.500061560583-BARRAID,KZT FX Forward Leg,Missing Factor Exposures,GEMLTL
UTMF11110002,2023/09/30,FXFORWARDLEG-PAY-USDFORWARD06202024.USD.KZT.20240620.494.250123131398-BARRAID,FXFORWARDLEG-PAY-USDFORWARD06202024.USD.KZT.20240620.494.250123131398-BARRAID,KZT FX Forward Leg,Missing Factor Exposures,GEMLTL
UTMF11110002,2023/09/30,FXFORWARDLEG-PAY-USDFORWARD06202024.USD.KZT.20240620.508.499940297715-BARRAID,FXFORWARDLEG-PAY-USDFORWARD06202024.USD.KZT.20240620.508.499940297715-BARRAID,KZT FX Forward Leg,Missing Factor Exposures,GEMLTL
UTMF11110002,2023/09/30,FXFORWARDLEG-PAY-USDFORWARD12202023.USD.AED.20231220.3.67035295292167-BARRAID,FXFORWARDLEG-PAY-USDFORWARD12202023.USD.AED.20231220.3.67035295292167-BARRAID,AED FX Forward Leg,Missing Factor Exposures,GEMLTL
UTMF11110002,2023/09/30,FXFORWARDLEG-PAY-USDFORWARD12202023.USD.AED.20231220.3.6704261756725-BARRAID,FXFORWARDLEG-PAY-USDFORWARD12202023.USD.AED.20231220.3.6704261756725-BARRAID,AED FX Forward Leg,Missing Factor Exposures,GEMLTL
UTMF11110002,2023/09/30,FXFORWARDLEG-PAY-USDFORWARD12202023.USD.AED.20231220.3.67060998818107-BARRAID,FXFORWARDLEG-PAY-USDFORWARD12202023.USD.AED.20231220.3.67060998818107-BARRAID,AED FX Forward Leg,Missing Factor Exposures,GEMLTL
UTMF11110002,2023/09/30,FXFORWARDLEG-PAY-USDFORWARD12202023.USD.AED.20231220.3.67064904719695-BARRAID,FXFORWARDLEG-PAY-USDFORWARD12202023.USD.AED.20231220.3.67064904719695-BARRAID,AED FX Forward Leg,Missing Factor Exposures,GEMLTL
UTMF11110002,2023/09/30,FXFORWARDLEG-PAY-USDFORWARD12202023.USD.AED.20231220.3.67085781705455-BARRAID,FXFORWARDLEG-PAY-USDFORWARD12202023.USD.AED.20231220.3.67085781705455-BARRAID,AED FX Forward Leg,Missing Factor Exposures,GEMLTL
UTMF11110002,2023/09/30,FXFORWARDLEG-PAY-USDFORWARD12202023.USD.AED.20231220.3.67100051544993-BARRAID,FXFORWARDLEG-PAY-USDFORWARD12202023.USD.AED.20231220.3.67100051544993-BARRAID,AED FX Forward Leg,Missing Factor Exposures,GEMLTL
UTMF11110002,2023/09/30,FXFORWARDLEG-PAY-USDFORWARD12202023.USD.AED.20231220.3.67102368318882-BARRAID,FXFORWARDLEG-PAY-USDFORWARD12202023.USD.AED.20231220.3.67102368318882-BARRAID,AED FX Forward Leg,Missing Factor Exposures,GEMLTL
UTMF11110002,2023/09/30,FXFORWARDLEG-PAY-USDFORWARD12202023.USD.AED.20231220.3.67118766438038-BARRAID,FXFORWARDLEG-PAY-USDFORWARD12202023.USD.AED.20231220.3.67118766438038-BARRAID,AED FX Forward Leg,Missing Factor Exposures,GEMLTL
UTMF11110002,2023/09/30,FXFORWARDLEG-PAY-USDFORWARD12202023.USD.AED.20231220.3.67166851393981-BARRAID,FXFORWARDLEG-PAY-USDFORWARD12202023.USD.AED.20231220.3.67166851393981-BARRAID,AED FX Forward Leg,Missing Factor Exposures,GEMLTL
UTMF11110002,2023/09/30,FXFORWARDLEG-PAY-USDFORWARD12202023.USD.AED.20231220.3.67168032017187-BARRAID,FXFORWARDLEG-PAY-USDFORWARD12202023.USD.AED.20231220.3.67168032017187-BARRAID,AED FX Forward Leg,Missing Factor Exposures,GEMLTL
UTMF11110002,2023/09/30,FXFORWARDLEG-PAY-USDFORWARD12202023.USD.AED.20231220.3.67170613926088-BARRAID,FXFORWARDLEG-PAY-USDFORWARD12202023.USD.AED.20231220.3.67170613926088-BARRAID,AED FX Forward Leg,Missing Factor Exposures,GEMLTL
UTMF11110002,2023/09/30,FXFORWARDLEG-PAY-USDFORWARD12202023.USD.AED.20231220.3.67183905434278-BARRAID,FXFORWARDLEG-PAY-USDFORWARD12202023.USD.AED.20231220.3.67183905434278-BARRAID,AED FX Forward Leg,Missing Factor Exposures,GEMLTL
UTMF11110002,2023/09/30,FXFORWARDLEG-PAY-USDFORWARD12202023.USD.AED.20231220.3.67186233436225-BARRAID,FXFORWARDLEG-PAY-USDFORWARD12202023.USD.AED.20231220.3.67186233436225-BARRAID,AED FX Forward Leg,Missing Factor Exposures,GEMLTL
UTMF11110002,2023/09/30,FXFORWARDLEG-PAY-USDFORWARD12202023.USD.AED.20231220.3.67188801614241-BARRAID,FXFORWARDLEG-PAY-USDFORWARD12202023.USD.AED.20231220.3.67188801614241-BARRAID,AED FX Forward Leg,Missing Factor Exposures,GEMLTL
UTMF11110002,2023/09/30,FXFORWARDLEG-PAY-USDFORWARD12202023.USD.BHD.20231220.0.377539958639567-BARRAID,FXFORWARDLEG-PAY-USDFORWARD12202023.USD.BHD.20231220.0.377539958639567-BARRAID,BHD FX Forward Leg,Missing Factor Exposures,GEMLTL
UTMF11110002,2023/09/30,FXFORWARDLEG-PAY-USDFORWARD12202023.USD.BHD.20231220.0.377554932081447-BARRAID,FXFORWARDLEG-PAY-USDFORWARD12202023.USD.BHD.20231220.0.377554932081447-BARRAID,BHD FX Forward Leg,Missing Factor Exposures,GEMLTL
UTMF11110002,2023/09/30,FXFORWARDLEG-PAY-USDFORWARD12202023.USD.BHD.20231220.0.377569976374723-BARRAID,FXFORWARDLEG-PAY-USDFORWARD12202023.USD.BHD.20231220.0.377569976374723-BARRAID,BHD FX Forward Leg,Missing Factor Exposures,GEMLTL
UTMF11110002,2023/09/30,FXFORWARDLEG-PAY-USDFORWARD12202023.USD.BHD.20231220.0.3775750004991-BARRAID,FXFORWARDLEG-PAY-USDFORWARD12202023.USD.BHD.20231220.0.3775750004991-BARRAID,BHD FX Forward Leg,Missing Factor Exposures,GEMLTL
UTMF11110002,2023/09/30,FXFORWARDLEG-PAY-USDFORWARD12202023.USD.BHD.20231220.0.377575006988191-BARRAID,FXFORWARDLEG-PAY-USDFORWARD12202023.USD.BHD.20231220.0.377575006988191-BARRAID,BHD FX Forward Leg,Missing Factor Exposures,GEMLTL
UTMF11110002,2023/09/30,FXFORWARDLEG-PAY-USDFORWARD12202023.USD.BHD.20231220.0.37758000603055-BARRAID,FXFORWARDLEG-PAY-USDFORWARD12202023.USD.BHD.20231220.0.37758000603055-BARRAID,BHD FX Forward Leg,Missing Factor Exposures,GEMLTL
UTMF11110002,2023/09/30,FXFORWARDLEG-PAY-USDFORWARD12202023.USD.BHD.20231220.0.37758896128485-BARRAID,FXFORWARDLEG-PAY-USDFORWARD12202023.USD.BHD.20231220.0.37758896128485-BARRAID,BHD FX Forward Leg,Missing Factor Exposures,GEMLTL
UTMF11110002,2023/09/30,FXFORWARDLEG-PAY-USDFORWARD12202023.USD.BHD.20231220.0.377605061898657-BARRAID,FXFORWARDLEG-PAY-USDFORWARD12202023.USD.BHD.20231220.0.377605061898657-BARRAID,BHD FX Forward Leg,Missing Factor Exposures,GEMLTL
UTMF11110002,2023/09/30,FXFORWARDLEG-PAY-USDFORWARD12202023.USD.KWD.20231220.0.303540236285177-BARRAID,FXFORWARDLEG-PAY-USDFORWARD12202023.USD.KWD.20231220.0.303540236285177-BARRAID,KWD FX Forward Leg,Missing Factor Exposures,GEMLTL
UTMF11110002,2023/09/30,FXFORWARDLEG-PAY-USDFORWARD12202023.USD.KWD.20231220.0.303939998808562-BARRAID,FXFORWARDLEG-PAY-USDFORWARD12202023.USD.KWD.20231220.0.303939998808562-BARRAID,KWD FX Forward Leg,Missing Factor Exposures,GEMLTL
UTMF11110002,2023/09/30,FXFORWARDLEG-PAY-USDFORWARD12202023.USD.KWD.20231220.0.304330016232538-BARRAID,FXFORWARDLEG-PAY-USDFORWARD12202023.USD.KWD.20231220.0.304330016232538-BARRAID,KWD FX Forward Leg,Missing Factor Exposures,GEMLTL
UTMF11110002,2023/09/30,FXFORWARDLEG-PAY-USDFORWARD12202023.USD.KWD.20231220.0.304450268853522-BARRAID,FXFORWARDLEG-PAY-USDFORWARD12202023.USD.KWD.20231220.0.304450268853522-BARRAID,KWD FX Forward Leg,Missing Factor Exposures,GEMLTL
UTMF11110002,2023/09/30,FXFORWARDLEG-PAY-USDFORWARD12202023.USD.KWD.20231220.0.30452000251375-BARRAID,FXFORWARDLEG-PAY-USDFORWARD12202023.USD.KWD.20231220.0.30452000251375-BARRAID,KWD FX Forward Leg,Missing Factor Exposures,GEMLTL
UTMF11110002,2023/09/30,FXFORWARDLEG-PAY-USDFORWARD12202023.USD.KWD.20231220.0.304610074897068-BARRAID,FXFORWARDLEG-PAY-USDFORWARD12202023.USD.KWD.20231220.0.304610074897068-BARRAID,KWD FX Forward Leg,Missing Factor Exposures,GEMLTL
UTMF11110002,2023/09/30,FXFORWARDLEG-PAY-USDFORWARD12202023.USD.KWD.20231220.0.304619967238937-BARRAID,FXFORWARDLEG-PAY-USDFORWARD12202023.USD.KWD.20231220.0.304619967238937-BARRAID,KWD FX Forward Leg,Missing Factor Exposures,GEMLTL
UTMF11110002,2023/09/30,FXFORWARDLEG-PAY-USDFORWARD12202023.USD.KWD.20231220.0.304710006396729-BARRAID,FXFORWARDLEG-PAY-USDFORWARD12202023.USD.KWD.20231220.0.304710006396729-BARRAID,KWD FX Forward Leg,Missing Factor Exposures,GEMLTL
UTMF11110002,2023/09/30,FXFORWARDLEG-PAY-USDFORWARD12202023.USD.KWD.20231220.0.304949240492963-BARRAID,FXFORWARDLEG-PAY-USDFORWARD12202023.USD.KWD.20231220.0.304949240492963-BARRAID,KWD FX Forward Leg,Missing Factor Exposures,GEMLTL
UTMF11110002,2023/09/30,FXFORWARDLEG-PAY-USDFORWARD12202023.USD.KWD.20231220.0.304957060365072-BARRAID,FXFORWARDLEG-PAY-USDFORWARD12202023.USD.KWD.20231220.0.304957060365072-BARRAID,KWD FX Forward Leg,Missing Factor Exposures,GEMLTL
UTMF11110002,2023/09/30,FXFORWARDLEG-PAY-USDFORWARD12202023.USD.KWD.20231220.0.305055014846138-BARRAID,FXFORWARDLEG-PAY-USDFORWARD12202023.USD.KWD.20231220.0.305055014846138-BARRAID,KWD FX Forward Leg,Missing Factor Exposures,GEMLTL
UTMF11110002,2023/09/30,FXFORWARDLEG-PAY-USDFORWARD12202023.USD.KWD.20231220.0.305117135989353-BARRAID,FXFORWARDLEG-PAY-USDFORWARD12202023.USD.KWD.20231220.0.305117135989353-BARRAID,KWD FX Forward Leg,Missing Factor Exposures,GEMLTL
UTMF11110002,2023/09/30,FXFORWARDLEG-PAY-USDFORWARD12202023.USD.KWD.20231220.0.305720036795475-BARRAID,FXFORWARDLEG-PAY-USDFORWARD12202023.USD.KWD.20231220.0.305720036795475-BARRAID,KWD FX Forward Leg,Missing Factor Exposures,GEMLTL
UTMF11110002,2023/09/30,FXFORWARDLEG-PAY-USDFORWARD12202023.USD.KWD.20231220.0.30585003347915-BARRAID,FXFORWARDLEG-PAY-USDFORWARD12202023.USD.KWD.20231220.0.30585003347915-BARRAID,KWD FX Forward Leg,Missing Factor Exposures,GEMLTL
UTMF11110002,2023/09/30,FXFORWARDLEG-PAY-USDFORWARD12202023.USD.KWD.20231220.0.306000017687123-BARRAID,FXFORWARDLEG-PAY-USDFORWARD12202023.USD.KWD.20231220.0.306000017687123-BARRAID,KWD FX Forward Leg,Missing Factor Exposures,GEMLTL
UTMF11110002,2023/09/30,FXFORWARDLEG-PAY-USDFORWARD12202023.USD.KWD.20231220.0.307099489610798-BARRAID,FXFORWARDLEG-PAY-USDFORWARD12202023.USD.KWD.20231220.0.307099489610798-BARRAID,KWD FX Forward Leg,Missing Factor Exposures,GEMLTL
UTMF11110002,2023/09/30,FXFORWARDLEG-PAY-USDFORWARD12202023.USD.KWD.20231220.0.307179997497218-BARRAID,FXFORWARDLEG-PAY-USDFORWARD12202023.USD.KWD.20231220.0.307179997497218-BARRAID,KWD FX Forward Leg,Missing Factor Exposures,GEMLTL
UTMF11110002,2023/09/30,FXFORWARDLEG-PAY-USDFORWARD12202023.USD.KWD.20231220.0.307200307107432-BARRAID,FXFORWARDLEG-PAY-USDFORWARD12202023.USD.KWD.20231220.0.307200307107432-BARRAID,KWD FX Forward Leg,Missing Factor Exposures,GEMLTL
UTMF11110002,2023/09/30,FXFORWARDLEG-PAY-USDFORWARD12202023.USD.KWD.20231220.0.307239784532655-BARRAID,FXFORWARDLEG-PAY-USDFORWARD12202023.USD.KWD.20231220.0.307239784532655-BARRAID,KWD FX Forward Leg,Missing Factor Exposures,GEMLTL
UTMF11110002,2023/09/30,FXFORWARDLEG-PAY-USDFORWARD12202023.USD.KWD.20231220.0.307249770483997-BARRAID,FXFORWARDLEG-PAY-USDFORWARD12202023.USD.KWD.20231220.0.307249770483997-BARRAID,KWD FX Forward Leg,Missing Factor Exposures,GEMLTL
UTMF11110002,2023/09/30,FXFORWARDLEG-PAY-USDFORWARD12202023.USD.KZT.20231220.463.999958483388-BARRAID,FXFORWARDLEG-PAY-USDFORWARD12202023.USD.KZT.20231220.463.999958483388-BARRAID,KZT FX Forward Leg,Missing Factor Exposures,GEMLTL
UTMF11110002,2023/09/30,FXFORWARDLEG-PAY-USDFORWARD12202023.USD.KZT.20231220.467.749959145946-BARRAID,FXFORWARDLEG-PAY-USDFORWARD12202023.USD.KZT.20231220.467.749959145946-BARRAID,KZT FX Forward Leg,Missing Factor Exposures,GEMLTL
UTMF11110002,2023/09/30,FXFORWARDLEG-PAY-USDFORWARD12202023.USD.KZT.20231220.468.899927291911-BARRAID,FXFORWARDLEG-PAY-USDFORWARD12202023.USD.KZT.20231220.468.899927291911-BARRAID,KZT FX Forward Leg,Missing Factor Exposures,GEMLTL
UTMF11110002,2023/09/30,FXFORWARDLEG-PAY-USDFORWARD12202023.USD.KZT.20231220.469.749999084754-BARRAID,FXFORWARDLEG-PAY-USDFORWARD12202023.USD.KZT.20231220.469.749999084754-BARRAID,KZT FX Forward Leg,Missing Factor Exposures,GEMLTL
UTMF11110002,2023/09/30,FXFORWARDLEG-PAY-USDFORWARD12202023.USD.KZT.20231220.470.249976010392-BARRAID,FXFORWARDLEG-PAY-USDFORWARD12202023.USD.KZT.20231220.470.249976010392-BARRAID,KZT FX Forward Leg,Missing Factor Exposures,GEMLTL
UTMF11110002,2023/09/30,FXFORWARDLEG-PAY-USDFORWARD12202023.USD.KZT.20231220.470.350009756486-BARRAID,FXFORWARDLEG-PAY-USDFORWARD12202023.USD.KZT.20231220.470.350009756486-BARRAID,KZT FX Forward Leg,Missing Factor Exposures,GEMLTL
UTMF11110002,2023/09/30,FXFORWARDLEG-PAY-USDFORWARD12202023.USD.KZT.20231220.470.999949521469-BARRAID,FXFORWARDLEG-PAY-USDFORWARD12202023.USD.KZT.20231220.470.999949521469-BARRAID,KZT FX Forward Leg,Missing Factor Exposures,GEMLTL
UTMF11110002,2023/09/30,FXFORWARDLEG-PAY-USDFORWARD12202023.USD.KZT.20231220.471.250012519621-BARRAID,FXFORWARDLEG-PAY-USDFORWARD12202023.USD.KZT.20231220.471.250012519621-BARRAID,KZT FX Forward Leg,Missing Factor Exposures,GEMLTL
UTMF11110002,2023/09/30,FXFORWARDLEG-PAY-USDFORWARD12202023.USD.KZT.20231220.471.250037176644-BARRAID,FXFORWARDLEG-PAY-USDFORWARD12202023.USD.KZT.20231220.471.250037176644-BARRAID,KZT FX Forward Leg,Missing Factor Exposures,GEMLTL
UTMF11110002,2023/09/30,FXFORWARDLEG-PAY-USDFORWARD12202023.USD.KZT.20231220.473.249977650311-BARRAID,FXFORWARDLEG-PAY-USDFORWARD12202023.USD.KZT.20231220.473.249977650311-BARRAID,KZT FX Forward Leg,Missing Factor Exposures,GEMLTL
UTMF11110002,2023/09/30,FXFORWARDLEG-PAY-USDFORWARD12202023.USD.KZT.20231220.473.40001848071-BARRAID,FXFORWARDLEG-PAY-USDFORWARD12202023.USD.KZT.20231220.473.40001848071-BARRAID,KZT FX Forward Leg,Missing Factor Exposures,GEMLTL
UTMF11110002,2023/09/30,FXFORWARDLEG-PAY-USDFORWARD12202023.USD.KZT.20231220.473.499960854622-BARRAID,FXFORWARDLEG-PAY-USDFORWARD12202023.USD.KZT.20231220.473.499960854622-BARRAID,KZT FX Forward Leg,Missing Factor Exposures,GEMLTL
UTMF11110002,2023/09/30,FXFORWARDLEG-PAY-USDFORWARD12202023.USD.KZT.20231220.474.000005247907-BARRAID,FXFORWARDLEG-PAY-USDFORWARD12202023.USD.KZT.20231220.474.000005247907-BARRAID,KZT FX Forward Leg,Missing Factor Exposures,GEMLTL
UTMF11110002,2023/09/30,FXFORWARDLEG-PAY-USDFORWARD12202023.USD.KZT.20231220.474.100011174799-BARRAID,FXFORWARDLEG-PAY-USDFORWARD12202023.USD.KZT.20231220.474.100011174799-BARRAID,KZT FX Forward Leg,Missing Factor Exposures,GEMLTL
UTMF11110002,2023/09/30,FXFORWARDLEG-PAY-USDFORWARD12202023.USD.KZT.20231220.474.250009842029-BARRAID,FXFORWARDLEG-PAY-USDFORWARD12202023.USD.KZT.20231220.474.250009842029-BARRAID,KZT FX Forward Leg,Missing Factor Exposures,GEMLTL
UTMF11110002,2023/09/30,FXFORWARDLEG-PAY-USDFORWARD12202023.USD.KZT.20231220.474.500027642571-BARRAID,FXFORWARDLEG-PAY-USDFORWARD12202023.USD.KZT.20231220.474.500027642571-BARRAID,KZT FX Forward Leg,Missing Factor Exposures,GEMLTL
UTMF11110002,2023/09/30,FXFORWARDLEG-PAY-USDFORWARD12202023.USD.KZT.20231220.476.342151898734-BARRAID,FXFORWARDLEG-PAY-USDFORWARD12202023.USD.KZT.20231220.476.342151898734-BARRAID,KZT FX Forward Leg,Missing Factor Exposures,GEMLTL
UTMF11110002,2023/09/30,FXFORWARDLEG-PAY-USDFORWARD12202023.USD.KZT.20231220.476.99991771054-BARRAID,FXFORWARDLEG-PAY-USDFORWARD12202023.USD.KZT.20231220.476.99991771054-BARRAID,KZT FX Forward Leg,Missing Factor Exposures,GEMLTL
UTMF11110002,2023/09/30,FXFORWARDLEG-PAY-USDFORWARD12202023.USD.KZT.20231220.477.749976808242-BARRAID,FXFORWARDLEG-PAY-USDFORWARD12202023.USD.KZT.20231220.477.749976808242-BARRAID,KZT FX Forward Leg,Missing Factor Exposures,GEMLTL
UTMF11110002,2023/09/30,FXFORWARDLEG-PAY-USDFORWARD12202023.USD.KZT.20231220.477.99991860583-BARRAID,FXFORWARDLEG-PAY-USDFORWARD12202023.USD.KZT.20231220.477.99991860583-BARRAID,KZT FX Forward Leg,Missing Factor Exposures,GEMLTL
UTMF11110002,2023/09/30,FXFORWARDLEG-PAY-USDFORWARD12202023.USD.KZT.20231220.478.000030026713-BARRAID,FXFORWARDLEG-PAY-USDFORWARD12202023.USD.KZT.20231220.478.000030026713-BARRAID,KZT FX Forward Leg,Missing Factor Exposures,GEMLTL
UTMF11110002,2023/09/30,FXFORWARDLEG-PAY-USDFORWARD12202023.USD.KZT.20231220.478.750013365556-BARRAID,FXFORWARDLEG-PAY-USDFORWARD12202023.USD.KZT.20231220.478.750013365556-BARRAID,KZT FX Forward Leg,Missing Factor Exposures,GEMLTL
UTMF11110002,2023/09/30,FXFORWARDLEG-PAY-USDFORWARD12202023.USD.KZT.20231220.479.249974379732-BARRAID,FXFORWARDLEG-PAY-USDFORWARD12202023.USD.KZT.20231220.479.249974379732-BARRAID,KZT FX Forward Leg,Missing Factor Exposures,GEMLTL
UTMF11110002,2023/09/30,FXFORWARDLEG-PAY-USDFORWARD12202023.USD.KZT.20231220.482.499997965119-BARRAID,FXFORWARDLEG-PAY-USDFORWARD12202023.USD.KZT.20231220.482.499997965119-BARRAID,KZT FX Forward Leg,Missing Factor Exposures,GEMLTL
UTMF11110002,2023/09/30,FXFORWARDLEG-PAY-USDFORWARD12202023.USD.KZT.20231220.484.499998253034-BARRAID,FXFORWARDLEG-PAY-USDFORWARD12202023.USD.KZT.20231220.484.499998253034-BARRAID,KZT FX Forward Leg,Missing Factor Exposures,GEMLTL
UTMF11110002,2023/09/30,FXFORWARDLEG-PAY-USDFORWARD12202023.USD.KZT.20231220.485.000040199244-BARRAID,FXFORWARDLEG-PAY-USDFORWARD12202023.USD.KZT.20231220.485.000040199244-BARRAID,KZT FX Forward Leg,Missing Factor Exposures,GEMLTL
UTMF11110002,2023/09/30,FXFORWARDLEG-PAY-USDFORWARD12202023.USD.KZT.20231220.485.249883625637-BARRAID,FXFORWARDLEG-PAY-USDFORWARD12202023.USD.KZT.20231220.485.249883625637-BARRAID,KZT FX Forward Leg,Missing Factor Exposures,GEMLTL
UTMF11110002,2023/09/30,FXFORWARDLEG-PAY-USDFORWARD12202023.USD.KZT.20231220.485.999684570405-BARRAID,FXFORWARDLEG-PAY-USDFORWARD12202023.USD.KZT.20231220.485.999684570405-BARRAID,KZT FX Forward Leg,Missing Factor Exposures,GEMLTL
UTMF11110002,2023/09/30,FXFORWARDLEG-PAY-USDFORWARD12202023.USD.KZT.20231220.486.500015660191-BARRAID,FXFORWARDLEG-PAY-USDFORWARD12202023.USD.KZT.20231220.486.500015660191-BARRAID,KZT FX Forward Leg,Missing Factor Exposures,GEMLTL
UTMF11110002,2023/09/30,FXFORWARDLEG-PAY-USDFORWARD12202023.USD.KZT.20231220.489.250041589009-BARRAID,FXFORWARDLEG-PAY-USDFORWARD12202023.USD.KZT.20231220.489.250041589009-BARRAID,KZT FX Forward Leg,Missing Factor Exposures,GEMLTL
UTMF11110002,2023/09/30,FXFORWARDLEG-PAY-USDFORWARD12202023.USD.KZT.20231220.489.999962672851-BARRAID,FXFORWARDLEG-PAY-USDFORWARD12202023.USD.KZT.20231220.489.999962672851-BARRAID,KZT FX Forward Leg,Missing Factor Exposures,GEMLTL
UTMF11110002,2023/09/30,FXFORWARDLEG-PAY-USDFORWARD12202023.USD.KZT.20231220.491.000011440816-BARRAID,FXFORWARDLEG-PAY-USDFORWARD12202023.USD.KZT.20231220.491.000011440816-BARRAID,KZT FX Forward Leg,Missing Factor Exposures,GEMLTL
UTMF11110002,2023/09/30,FXFORWARDLEG-PAY-USDFORWARD12202023.USD.KZT.20231220.491.500365089061-BARRAID,FXFORWARDLEG-PAY-USDFORWARD12202023.USD.KZT.20231220.491.500365089061-BARRAID,KZT FX Forward Leg,Missing Factor Exposures,GEMLTL
UTMF11110002,2023/09/30,FXFORWARDLEG-PAY-USDFORWARD12202023.USD.KZT.20231220.493.100023569954-BARRAID,FXFORWARDLEG-PAY-USDFORWARD12202023.USD.KZT.20231220.493.100023569954-BARRAID,KZT FX Forward Leg,Missing Factor Exposures,GEMLTL
UTMF11110002,2023/09/30,FXFORWARDLEG-PAY-USDFORWARD12202023.USD.KZT.20231220.493.399976440021-BARRAID,FXFORWARDLEG-PAY-USDFORWARD12202023.USD.KZT.20231220.493.399976440021-BARRAID,KZT FX Forward Leg,Missing Factor Exposures,GEMLTL
UTMF11110002,2023/09/30,FXFORWARDLEG-PAY-USDFORWARD12202023.USD.KZT.20231220.494.149982988756-BARRAID,FXFORWARDLEG-PAY-USDFORWARD12202023.USD.KZT.20231220.494.149982988756-BARRAID,KZT FX Forward Leg,Missing Factor Exposures,GEMLTL
UTMF11110002,2023/09/30,FXFORWARDLEG-PAY-USDFORWARD12202023.USD.KZT.20231220.497.999944720161-BARRAID,FXFORWARDLEG-PAY-USDFORWARD12202023.USD.KZT.20231220.497.999944720161-BARRAID,KZT FX Forward Leg,Missing Factor Exposures,GEMLTL
UTMF11110002,2023/09/30,FXFORWARDLEG-PAY-USDFORWARD12202023.USD.KZT.20231220.500.200020968435-BARRAID,FXFORWARDLEG-PAY-USDFORWARD12202023.USD.KZT.20231220.500.200020968435-BARRAID,KZT FX Forward Leg,Missing Factor Exposures,GEMLTL
UTMF11110002,2023/09/30,FXFORWARDLEG-PAY-USDFORWARD12202023.USD.MAD.20231220.10.0289982297113-BARRAID,FXFORWARDLEG-PAY-USDFORWARD12202023.USD.MAD.20231220.10.0289982297113-BARRAID,MAD FX Forward Leg,Missing Factor Exposures,GEMLTL
UTMF11110002,2023/09/30,FXFORWARDLEG-PAY-USDFORWARD12202023.USD.MAD.20231220.10.0399003914069-BARRAID,FXFORWARDLEG-PAY-USDFORWARD12202023.USD.MAD.20231220.10.0399003914069-BARRAID,MAD FX Forward Leg,Missing Factor Exposures,GEMLTL
UTMF11110002,2023/09/30,FXFORWARDLEG-PAY-USDFORWARD12202023.USD.MAD.20231220.10.0706987894969-BARRAID,FXFORWARDLEG-PAY-USDFORWARD12202023.USD.MAD.20231220.10.0706987894969-BARRAID,MAD FX Forward Leg,Missing Factor Exposures,GEMLTL
UTMF11110002,2023/09/30,FXFORWARDLEG-PAY-USDFORWARD12202023.USD.MAD.20231220.10.1177004960518-BARRAID,FXFORWARDLEG-PAY-USDFORWARD12202023.USD.MAD.20231220.10.1177004960518-BARRAID,MAD FX Forward Leg,Missing Factor Exposures,GEMLTL
UTMF11110002,2023/09/30,FXFORWARDLEG-PAY-USDFORWARD12202023.USD.MAD.20231220.10.1618001246821-BARRAID,FXFORWARDLEG-PAY-USDFORWARD12202023.USD.MAD.20231220.10.1618001246821-BARRAID,MAD FX Forward Leg,Missing Factor Exposures,GEMLTL
UTMF11110002,2023/09/30,FXFORWARDLEG-PAY-USDFORWARD12202023.USD.MAD.20231220.10.1674995703979-BARRAID,FXFORWARDLEG-PAY-USDFORWARD12202023.USD.MAD.20231220.10.1674995703979-BARRAID,MAD FX Forward Leg,Missing Factor Exposures,GEMLTL
UTMF11110002,2023/09/30,FXFORWARDLEG-PAY-USDFORWARD12202023.USD.MAD.20231220.10.1805028753502-BARRAID,FXFORWARDLEG-PAY-USDFORWARD12202023.USD.MAD.20231220.10.1805028753502-BARRAID,MAD FX Forward Leg,Missing Factor Exposures,GEMLTL
UTMF11110002,2023/09/30,FXFORWARDLEG-PAY-USDFORWARD12202023.USD.MAD.20231220.10.1829999763872-BARRAID,FXFORWARDLEG-PAY-USDFORWARD12202023.USD.MAD.20231220.10.1829999763872-BARRAID,MAD FX Forward Leg,Missing Factor Exposures,GEMLTL
UTMF11110002,2023/09/30,FXFORWARDLEG-PAY-USDFORWARD12202023.USD.MAD.20231220.10.1859000520935-BARRAID,FXFORWARDLEG-PAY-USDFORWARD12202023.USD.MAD.20231220.10.1859000520935-BARRAID,MAD FX Forward Leg,Missing Factor Exposures,GEMLTL
UTMF11110002,2023/09/30,FXFORWARDLEG-PAY-USDFORWARD12202023.USD.MAD.20231220.10.1900001207813-BARRAID,FXFORWARDLEG-PAY-USDFORWARD12202023.USD.MAD.20231220.10.1900001207813-BARRAID,MAD FX Forward Leg,Missing Factor Exposures,GEMLTL
UTMF11110002,2023/09/30,FXFORWARDLEG-PAY-USDFORWARD12202023.USD.MAD.20231220.10.1917229351514-BARRAID,FXFORWARDLEG-PAY-USDFORWARD12202023.USD.MAD.20231220.10.1917229351514-BARRAID,MAD FX Forward Leg,Missing Factor Exposures,GEMLTL
UTMF11110002,2023/09/30,FXFORWARDLEG-PAY-USDFORWARD12202023.USD.MAD.20231220.10.2012998007643-BARRAID,FXFORWARDLEG-PAY-USDFORWARD12202023.USD.MAD.20231220.10.2012998007643-BARRAID,MAD FX Forward Leg,Missing Factor Exposures,GEMLTL
UTMF11110002,2023/09/30,FXFORWARDLEG-PAY-USDFORWARD12202023.USD.MAD.20231220.10.2042423016352-BARRAID,FXFORWARDLEG-PAY-USDFORWARD12202023.USD.MAD.20231220.10.2042423016352-BARRAID,MAD FX Forward Leg,Missing Factor Exposures,GEMLTL
UTMF11110002,2023/09/30,FXFORWARDLEG-PAY-USDFORWARD12202023.USD.MAD.20231220.10.2071996499921-BARRAID,FXFORWARDLEG-PAY-USDFORWARD12202023.USD.MAD.20231220.10.2071996499921-BARRAID,MAD FX Forward Leg,Missing Factor Exposures,GEMLTL
UTMF11110002,2023/09/30,FXFORWARDLEG-PAY-USDFORWARD12202023.USD.MAD.20231220.10.2080012161598-BARRAID,FXFORWARDLEG-PAY-USDFORWARD12202023.USD.MAD.20231220.10.2080012161598-BARRAID,MAD FX Forward Leg,Missing Factor Exposures,GEMLTL
UTMF11110002,2023/09/30,FXFORWARDLEG-PAY-USDFORWARD12202023.USD.MAD.20231220.10.2150004979897-BARRAID,FXFORWARDLEG-PAY-USDFORWARD12202023.USD.MAD.20231220.10.2150004979897-BARRAID,MAD FX Forward Leg,Missing Factor Exposures,GEMLTL
UTMF11110002,2023/09/30,FXFORWARDLEG-PAY-USDFORWARD12202023.USD.MAD.20231220.10.2285000177509-BARRAID,FXFORWARDLEG-PAY-USDFORWARD12202023.USD.MAD.20231220.10.2285000177509-BARRAID,MAD FX Forward Leg,Missing Factor Exposures,GEMLTL
UTMF11110002,2023/09/30,FXFORWARDLEG-PAY-USDFORWARD12202023.USD.MAD.20231220.10.2333954799167-BARRAID,FXFORWARDLEG-PAY-USDFORWARD12202023.USD.MAD.20231220.10.2333954799167-BARRAID,MAD FX Forward Leg,Missing Factor Exposures,GEMLTL
UTMF11110002,2023/09/30,FXFORWARDLEG-PAY-USDFORWARD12202023.USD.MAD.20231220.10.2338001058959-BARRAID,FXFORWARDLEG-PAY-USDFORWARD12202023.USD.MAD.20231220.10.2338001058959-BARRAID,MAD FX Forward Leg,Missing Factor Exposures,GEMLTL
UTMF11110002,2023/09/30,FXFORWARDLEG-PAY-USDFORWARD12202023.USD.MAD.20231220.10.2424981212965-BARRAID,FXFORWARDLEG-PAY-USDFORWARD12202023.USD.MAD.20231220.10.2424981212965-BARRAID,MAD FX Forward Leg,Missing Factor Exposures,GEMLTL
UTMF11110002,2023/09/30,FXFORWARDLEG-PAY-USDFORWARD12202023.USD.MAD.20231220.10.2489990105553-BARRAID,FXFORWARDLEG-PAY-USDFORWARD12202023.USD.MAD.20231220.10.2489990105553-BARRAID,MAD FX Forward Leg,Missing Factor Exposures,GEMLTL
UTMF11110002,2023/09/30,FXFORWARDLEG-PAY-USDFORWARD12202023.USD.MAD.20231220.10.2510000953845-BARRAID,FXFORWARDLEG-PAY-USDFORWARD12202023.USD.MAD.20231220.10.2510000953845-BARRAID,MAD FX Forward Leg,Missing Factor Exposures,GEMLTL
UTMF11110002,2023/09/30,FXFORWARDLEG-PAY-USDFORWARD12202023.USD.MAD.20231220.10.2525014746754-BARRAID,FXFORWARDLEG-PAY-USDFORWARD12202023.USD.MAD.20231220.10.2525014746754-BARRAID,MAD FX Forward Leg,Missing Factor Exposures,GEMLTL
UTMF11110002,2023/09/30,FXFORWARDLEG-PAY-USDFORWARD12202023.USD.MAD.20231220.10.2575009498392-BARRAID,FXFORWARDLEG-PAY-USDFORWARD12202023.USD.MAD.20231220.10.2575009498392-BARRAID,MAD FX Forward Leg,Missing Factor Exposures,GEMLTL
UTMF11110002,2023/09/30,FXFORWARDLEG-PAY-USDFORWARD12202023.USD.MAD.20231220.10.2650001623387-BARRAID,FXFORWARDLEG-PAY-USDFORWARD12202023.USD.MAD.20231220.10.2650001623387-BARRAID,MAD FX Forward Leg,Missing Factor Exposures,GEMLTL
UTMF11110002,2023/09/30,FXFORWARDLEG-PAY-USDFORWARD12202023.USD.MAD.20231220.10.2700012022271-BARRAID,FXFORWARDLEG-PAY-USDFORWARD12202023.USD.MAD.20231220.10.2700012022271-BARRAID,MAD FX Forward Leg,Missing Factor Exposures,GEMLTL
UTMF11110002,2023/09/30,FXFORWARDLEG-PAY-USDFORWARD12202023.USD.MAD.20231220.10.27729982741-BARRAID,FXFORWARDLEG-PAY-USDFORWARD12202023.USD.MAD.20231220.10.27729982741-BARRAID,MAD FX Forward Leg,Missing Factor Exposures,GEMLTL
UTMF11110002,2023/09/30,FXFORWARDLEG-PAY-USDFORWARD12202023.USD.MAD.20231220.10.289998863497-BARRAID,FXFORWARDLEG-PAY-USDFORWARD12202023.USD.MAD.20231220.10.289998863497-BARRAID,MAD FX Forward Leg,Missing Factor Exposures,GEMLTL
UTMF11110002,2023/09/30,FXFORWARDLEG-PAY-USDFORWARD12202023.USD.MAD.20231220.10.2950004951723-BARRAID,FXFORWARDLEG-PAY-USDFORWARD12202023.USD.MAD.20231220.10.2950004951723-BARRAID,MAD FX Forward Leg,Missing Factor Exposures,GEMLTL
UTMF11110002,2023/09/30,FXFORWARDLEG-PAY-USDFORWARD12202023.USD.MAD.20231220.10.3249999053066-BARRAID,FXFORWARDLEG-PAY-USDFORWARD12202023.USD.MAD.20231220.10.3249999053066-BARRAID,MAD FX Forward Leg,Missing Factor Exposures,GEMLTL
UTMF11110002,2023/09/30,FXFORWARDLEG-PAY-USDFORWARD12202023.USD.MAD.20231220.10.3740002470346-BARRAID,FXFORWARDLEG-PAY-USDFORWARD12202023.USD.MAD.20231220.10.3740002470346-BARRAID,MAD FX Forward Leg,Missing Factor Exposures,GEMLTL
UTMF11110002,2023/09/30,FXFORWARDLEG-PAY-USDFORWARD12202023.USD.MAD.20231220.10.3785997436712-BARRAID,FXFORWARDLEG-PAY-USDFORWARD12202023.USD.MAD.20231220.10.3785997436712-BARRAID,MAD FX Forward Leg,Missing Factor Exposures,GEMLTL
UTMF11110002,2023/09/30,FXFORWARDLEG-PAY-USDFORWARD12202023.USD.MAD.20231220.9.97200035619633-BARRAID,FXFORWARDLEG-PAY-USDFORWARD12202023.USD.MAD.20231220.9.97200035619633-BARRAID,MAD FX Forward Leg,Missing Factor Exposures,GEMLTL
UTMF11110002,2023/09/30,FXFORWARDLEG-PAY-USDFORWARD12202023.USD.MAD.20231220.9.99119970343866-BARRAID,FXFORWARDLEG-PAY-USDFORWARD12202023.USD.MAD.20231220.9.99119970343866-BARRAID,MAD FX Forward Leg,Missing Factor Exposures,GEMLTL
UTMF11110002,2023/09/30,FXFORWARDLEG-PAY-USDFORWARD12202023.USD.OMR.20231220.0.385248288918014-BARRAID,FXFORWARDLEG-PAY-USDFORWARD12202023.USD.OMR.20231220.0.385248288918014-BARRAID,OMR FX Forward Leg,Missing Factor Exposures,GEMLTL
UTMF11110002,2023/09/30,FXFORWARDLEG-PAY-USDFORWARD12202023.USD.QAR.20231220.3.56521739130435-BARRAID,FXFORWARDLEG-PAY-USDFORWARD12202023.USD.QAR.20231220.3.56521739130435-BARRAID,QAR FX Forward Leg,Missing Factor Exposures,GEMLTL
UTMF11110002,2023/09/30,FXFORWARDLEG-PAY-USDFORWARD12202023.USD.QAR.20231220.3.64250332245983-BARRAID,FXFORWARDLEG-PAY-USDFORWARD12202023.USD.QAR.20231220.3.64250332245983-BARRAID,QAR FX Forward Leg,Missing Factor Exposures,GEMLTL
UTMF11110002,2023/09/30,FXFORWARDLEG-PAY-USDFORWARD12202023.USD.QAR.20231220.3.6433335437312-BARRAID,FXFORWARDLEG-PAY-USDFORWARD12202023.USD.QAR.20231220.3.6433335437312-BARRAID,QAR FX Forward Leg,Missing Factor Exposures,GEMLTL
UTMF11110002,2023/09/30,FXFORWARDLEG-PAY-USDFORWARD12202023.USD.QAR.20231220.3.6490096359743-BARRAID,FXFORWARDLEG-PAY-USDFORWARD12202023.USD.QAR.20231220.3.6490096359743-BARRAID,QAR FX Forward Leg,Missing Factor Exposures,GEMLTL
UTMF11110002,2023/09/30,FXFORWARDLEG-PAY-USDFORWARD12202023.USD.RSD.20231220.108.844720496894-BARRAID,FXFORWARDLEG-PAY-USDFORWARD12202023.USD.RSD.20231220.108.844720496894-BARRAID,RSD FX Forward Leg,Missing Factor Exposures,GEMLTL
UTMF11170002,2023/09/30,FXFORWARDLEG-PAY-USDFORWARD03202024.USD.AED.20240320.3.6695802208517-BARRAID,FXFORWARDLEG-PAY-USDFORWARD03202024.USD.AED.20240320.3.6695802208517-BARRAID,AED FX Forward Leg,Missing Factor Exposures,GEMLTL
UTMF11170002,2023/09/30,FXFORWARDLEG-PAY-USDFORWARD03202024.USD.AED.20240320.3.67400183622555-BARRAID,FXFORWARDLEG-PAY-USDFORWARD03202024.USD.AED.20240320.3.67400183622555-BARRAID,AED FX Forward Leg,Missing Factor Exposures,GEMLTL
UTMF11170002,2023/09/30,FXFORWARDLEG-PAY-USDFORWARD03202024.USD.KWD.20240320.0.302970004528278-BARRAID,FXFORWARDLEG-PAY-USDFORWARD03202024.USD.KWD.20240320.0.302970004528278-BARRAID,KWD FX Forward Leg,Missing Factor Exposures,GEMLTL
UTMF11170002,2023/09/30,FXFORWARDLEG-PAY-USDFORWARD03202024.USD.KWD.20240320.0.303769996890814-BARRAID,FXFORWARDLEG-PAY-USDFORWARD03202024.USD.KWD.20240320.0.303769996890814-BARRAID,KWD FX Forward Leg,Missing Factor Exposures,GEMLTL
UTMF11170002,2023/09/30,FXFORWARDLEG-PAY-USDFORWARD03202024.USD.KWD.20240320.0.305929970066728-BARRAID,FXFORWARDLEG-PAY-USDFORWARD03202024.USD.KWD.20240320.0.305929970066728-BARRAID,KWD FX Forward Leg,Missing Factor Exposures,GEMLTL
UTMF11170002,2023/09/30,FXFORWARDLEG-PAY-USDFORWARD03202024.USD.KWD.20240320.0.305929994120768-BARRAID,FXFORWARDLEG-PAY-USDFORWARD03202024.USD.KWD.20240320.0.305929994120768-BARRAID,KWD FX Forward Leg,Missing Factor Exposures,GEMLTL
UTMF11170002,2023/09/30,FXFORWARDLEG-PAY-USDFORWARD03202024.USD.KZT.20240320.470.499922394453-BARRAID,FXFORWARDLEG-PAY-USDFORWARD03202024.USD.KZT.20240320.470.499922394453-BARRAID,KZT FX Forward Leg,Missing Factor Exposures,GEMLTL
UTMF11170002,2023/09/30,FXFORWARDLEG-PAY-USDFORWARD03202024.USD.KZT.20240320.481.500070301258-BARRAID,FXFORWARDLEG-PAY-USDFORWARD03202024.USD.KZT.20240320.481.500070301258-BARRAID,KZT FX Forward Leg,Missing Factor Exposures,GEMLTL
UTMF11170002,2023/09/30,FXFORWARDLEG-PAY-USDFORWARD06202024.USD.KZT.20240620.480.999901869119-BARRAID,FXFORWARDLEG-PAY-USDFORWARD06202024.USD.KZT.20240620.480.999901869119-BARRAID,KZT FX Forward Leg,Missing Factor Exposures,GEMLTL
UTMF11170002,2023/09/30,FXFORWARDLEG-PAY-USDFORWARD12202023.USD.AED.20231220.3.67001393033713-BARRAID,FXFORWARDLEG-PAY-USDFORWARD12202023.USD.AED.20231220.3.67001393033713-BARRAID,AED FX Forward Leg,Missing Factor Exposures,GEMLTL
UTMF11170002,2023/09/30,FXFORWARDLEG-PAY-USDFORWARD12202023.USD.AED.20231220.3.67035279432419-BARRAID,FXFORWARDLEG-PAY-USDFORWARD12202023.USD.AED.20231220.3.67035279432419-BARRAID,AED FX Forward Leg,Missing Factor Exposures,GEMLTL
UTMF11170002,2023/09/30,FXFORWARDLEG-PAY-USDFORWARD12202023.USD.AED.20231220.3.67037037037037-BARRAID,FXFORWARDLEG-PAY-USDFORWARD12202023.USD.AED.20231220.3.67037037037037-BARRAID,AED FX Forward Leg,Missing Factor Exposures,GEMLTL
UTMF11170002,2023/09/30,FXFORWARDLEG-PAY-USDFORWARD12202023.USD.AED.20231220.3.67064886925503-BARRAID,FXFORWARDLEG-PAY-USDFORWARD12202023.USD.AED.20231220.3.67064886925503-BARRAID,AED FX Forward Leg,Missing Factor Exposures,GEMLTL
UTMF11170002,2023/09/30,FXFORWARDLEG-PAY-USDFORWARD12202023.USD.AED.20231220.3.67066291782691-BARRAID,FXFORWARDLEG-PAY-USDFORWARD12202023.USD.AED.20231220.3.67066291782691-BARRAID,AED FX Forward Leg,Missing Factor Exposures,GEMLTL
UTMF11170002,2023/09/30,FXFORWARDLEG-PAY-USDFORWARD12202023.USD.AED.20231220.3.67074791501055-BARRAID,FXFORWARDLEG-PAY-USDFORWARD12202023.USD.AED.20231220.3.67074791501055-BARRAID,AED FX Forward Leg,Missing Factor Exposures,GEMLTL
UTMF11170002,2023/09/30,FXFORWARDLEG-PAY-USDFORWARD12202023.USD.AED.20231220.3.67074953086047-BARRAID,FXFORWARDLEG-PAY-USDFORWARD12202023.USD.AED.20231220.3.67074953086047-BARRAID,AED FX Forward Leg,Missing Factor Exposures,GEMLTL
UTMF11170002,2023/09/30,FXFORWARDLEG-PAY-USDFORWARD12202023.USD.AED.20231220.3.67075591553141-BARRAID,FXFORWARDLEG-PAY-USDFORWARD12202023.USD.AED.20231220.3.67075591553141-BARRAID,AED FX Forward Leg,Missing Factor Exposures,GEMLTL
UTMF11170002,2023/09/30,FXFORWARDLEG-PAY-USDFORWARD12202023.USD.AED.20231220.3.67076380681477-BARRAID,FXFORWARDLEG-PAY-USDFORWARD12202023.USD.AED.20231220.3.67076380681477-BARRAID,AED FX Forward Leg,Missing Factor Exposures,GEMLTL
UTMF11170002,2023/09/30,FXFORWARDLEG-PAY-USDFORWARD12202023.USD.AED.20231220.3.67080008660948-BARRAID,FXFORWARDLEG-PAY-USDFORWARD12202023.USD.AED.20231220.3.67080008660948-BARRAID,AED FX Forward Leg,Missing Factor Exposures,GEMLTL
UTMF11170002,2023/09/30,FXFORWARDLEG-PAY-USDFORWARD12202023.USD.AED.20231220.3.67080395800439-BARRAID,FXFORWARDLEG-PAY-USDFORWARD12202023.USD.AED.20231220.3.67080395800439-BARRAID,AED FX Forward Leg,Missing Factor Exposures,GEMLTL
UTMF11170002,2023/09/30,FXFORWARDLEG-PAY-USDFORWARD12202023.USD.AED.20231220.3.67084851278822-BARRAID,FXFORWARDLEG-PAY-USDFORWARD12202023.USD.AED.20231220.3.67084851278822-BARRAID,AED FX Forward Leg,Missing Factor Exposures,GEMLTL
UTMF11170002,2023/09/30,FXFORWARDLEG-PAY-USDFORWARD12202023.USD.AED.20231220.3.6709159693702-BARRAID,FXFORWARDLEG-PAY-USDFORWARD12202023.USD.AED.20231220.3.6709159693702-BARRAID,AED FX Forward Leg,Missing Factor Exposures,GEMLTL
UTMF11170002,2023/09/30,FXFORWARDLEG-PAY-USDFORWARD12202023.USD.AED.20231220.3.67100003970089-BARRAID,FXFORWARDLEG-PAY-USDFORWARD12202023.USD.AED.20231220.3.67100003970089-BARRAID,AED FX Forward Leg,Missing Factor Exposures,GEMLTL
UTMF11170002,2023/09/30,FXFORWARDLEG-PAY-USDFORWARD12202023.USD.AED.20231220.3.67100412058122-BARRAID,FXFORWARDLEG-PAY-USDFORWARD12202023.USD.AED.20231220.3.67100412058122-BARRAID,AED FX Forward Leg,Missing Factor Exposures,GEMLTL
UTMF11170002,2023/09/30,FXFORWARDLEG-PAY-USDFORWARD12202023.USD.AED.20231220.3.6710788948419-BARRAID,FXFORWARDLEG-PAY-USDFORWARD12202023.USD.AED.20231220.3.6710788948419-BARRAID,AED FX Forward Leg,Missing Factor Exposures,GEMLTL
UTMF11170002,2023/09/30,FXFORWARDLEG-PAY-USDFORWARD12202023.USD.AED.20231220.3.67139987958168-BARRAID,FXFORWARDLEG-PAY-USDFORWARD12202023.USD.AED.20231220.3.67139987958168-BARRAID,AED FX Forward Leg,Missing Factor Exposures,GEMLTL
UTMF11170002,2023/09/30,FXFORWARDLEG-PAY-USDFORWARD12202023.USD.AED.20231220.3.67139993374634-BARRAID,FXFORWARDLEG-PAY-USDFORWARD12202023.USD.AED.20231220.3.67139993374634-BARRAID,AED FX Forward Leg,Missing Factor Exposures,GEMLTL
UTMF11170002,2023/09/30,FXFORWARDLEG-PAY-USDFORWARD12202023.USD.AED.20231220.3.67187802930946-BARRAID,FXFORWARDLEG-PAY-USDFORWARD12202023.USD.AED.20231220.3.67187802930946-BARRAID,AED FX Forward Leg,Missing Factor Exposures,GEMLTL
UTMF11170002,2023/09/30,FXFORWARDLEG-PAY-USDFORWARD12202023.USD.AED.20231220.3.67192502655739-BARRAID,FXFORWARDLEG-PAY-USDFORWARD12202023.USD.AED.20231220.3.67192502655739-BARRAID,AED FX Forward Leg,Missing Factor Exposures,GEMLTL
UTMF11170002,2023/09/30,FXFORWARDLEG-PAY-USDFORWARD12202023.USD.AED.20231220.3.67197983885437-BARRAID,FXFORWARDLEG-PAY-USDFORWARD12202023.USD.AED.20231220.3.67197983885437-BARRAID,AED FX Forward Leg,Missing Factor Exposures,GEMLTL
UTMF11170002,2023/09/30,FXFORWARDLEG-PAY-USDFORWARD12202023.USD.AED.20231220.3.67205597662177-BARRAID,FXFORWARDLEG-PAY-USDFORWARD12202023.USD.AED.20231220.3.67205597662177-BARRAID,AED FX Forward Leg,Missing Factor Exposures,GEMLTL
UTMF11170002,2023/09/30,FXFORWARDLEG-PAY-USDFORWARD12202023.USD.AED.20231220.3.67367934291943-BARRAID,FXFORWARDLEG-PAY-USDFORWARD12202023.USD.AED.20231220.3.67367934291943-BARRAID,AED FX Forward Leg,Missing Factor Exposures,GEMLTL
UTMF11170002,2023/09/30,FXFORWARDLEG-PAY-USDFORWARD12202023.USD.BHD.20231220.0.377539962516099-BARRAID,FXFORWARDLEG-PAY-USDFORWARD12202023.USD.BHD.20231220.0.377539962516099-BARRAID,BHD FX Forward Leg,Missing Factor Exposures,GEMLTL
UTMF11170002,2023/09/30,FXFORWARDLEG-PAY-USDFORWARD12202023.USD.BHD.20231220.0.377555016456065-BARRAID,FXFORWARDLEG-PAY-USDFORWARD12202023.USD.BHD.20231220.0.377555016456065-BARRAID,BHD FX Forward Leg,Missing Factor Exposures,GEMLTL
UTMF11170002,2023/09/30,FXFORWARDLEG-PAY-USDFORWARD12202023.USD.BHD.20231220.0.377569983360755-BARRAID,FXFORWARDLEG-PAY-USDFORWARD12202023.USD.BHD.20231220.0.377569983360755-BARRAID,BHD FX Forward Leg,Missing Factor Exposures,GEMLTL
UTMF11170002,2023/09/30,FXFORWARDLEG-PAY-USDFORWARD12202023.USD.BHD.20231220.0.377575008784557-BARRAID,FXFORWARDLEG-PAY-USDFORWARD12202023.USD.BHD.20231220.0.377575008784557-BARRAID,BHD FX Forward Leg,Missing Factor Exposures,GEMLTL
UTMF11170002,2023/09/30,FXFORWARDLEG-PAY-USDFORWARD12202023.USD.BHD.20231220.0.377579822893689-BARRAID,FXFORWARDLEG-PAY-USDFORWARD12202023.USD.BHD.20231220.0.377579822893689-BARRAID,BHD FX Forward Leg,Missing Factor Exposures,GEMLTL
UTMF11170002,2023/09/30,FXFORWARDLEG-PAY-USDFORWARD12202023.USD.BHD.20231220.0.377588985247378-BARRAID,FXFORWARDLEG-PAY-USDFORWARD12202023.USD.BHD.20231220.0.377588985247378-BARRAID,BHD FX Forward Leg,Missing Factor Exposures,GEMLTL
UTMF11170002,2023/09/30,FXFORWARDLEG-PAY-USDFORWARD12202023.USD.BHD.20231220.0.377605054588723-BARRAID,FXFORWARDLEG-PAY-USDFORWARD12202023.USD.BHD.20231220.0.377605054588723-BARRAID,BHD FX Forward Leg,Missing Factor Exposures,GEMLTL
UTMF11170002,2023/09/30,FXFORWARDLEG-PAY-USDFORWARD12202023.USD.BHD.20231220.0.377658918736206-BARRAID,FXFORWARDLEG-PAY-USDFORWARD12202023.USD.BHD.20231220.0.377658918736206-BARRAID,BHD FX Forward Leg,Missing Factor Exposures,GEMLTL
UTMF11170002,2023/09/30,FXFORWARDLEG-PAY-USDFORWARD12202023.USD.BHD.20231220.0.377680998978865-BARRAID,FXFORWARDLEG-PAY-USDFORWARD12202023.USD.BHD.20231220.0.377680998978865-BARRAID,BHD FX Forward Leg,Missing Factor Exposures,GEMLTL
UTMF11170002,2023/09/30,FXFORWARDLEG-PAY-USDFORWARD12202023.USD.BHD.20231220.0.377715001287112-BARRAID,FXFORWARDLEG-PAY-USDFORWARD12202023.USD.BHD.20231220.0.377715001287112-BARRAID,BHD FX Forward Leg,Missing Factor Exposures,GEMLTL
UTMF11170002,2023/09/30,FXFORWARDLEG-PAY-USDFORWARD12202023.USD.BHD.20231220.0.377750273375071-BARRAID,FXFORWARDLEG-PAY-USDFORWARD12202023.USD.BHD.20231220.0.377750273375071-BARRAID,BHD FX Forward Leg,Missing Factor Exposures,GEMLTL
UTMF11170002,2023/09/30,FXFORWARDLEG-PAY-USDFORWARD12202023.USD.BHD.20231220.0.377894993092765-BARRAID,FXFORWARDLEG-PAY-USDFORWARD12202023.USD.BHD.20231220.0.377894993092765-BARRAID,BHD FX Forward Leg,Missing Factor Exposures,GEMLTL
UTMF11170002,2023/09/30,FXFORWARDLEG-PAY-USDFORWARD12202023.USD.KWD.20231220.0.303959678482013-BARRAID,FXFORWARDLEG-PAY-USDFORWARD12202023.USD.KWD.20231220.0.303959678482013-BARRAID,KWD FX Forward Leg,Missing Factor Exposures,GEMLTL
UTMF11170002,2023/09/30,FXFORWARDLEG-PAY-USDFORWARD12202023.USD.KWD.20231220.0.304080028227778-BARRAID,FXFORWARDLEG-PAY-USDFORWARD12202023.USD.KWD.20231220.0.304080028227778-BARRAID,KWD FX Forward Leg,Missing Factor Exposures,GEMLTL
UTMF11170002,2023/09/30,FXFORWARDLEG-PAY-USDFORWARD12202023.USD.KWD.20231220.0.304409999782432-BARRAID,FXFORWARDLEG-PAY-USDFORWARD12202023.USD.KWD.20231220.0.304409999782432-BARRAID,KWD FX Forward Leg,Missing Factor Exposures,GEMLTL
UTMF11170002,2023/09/30,FXFORWARDLEG-PAY-USDFORWARD12202023.USD.KWD.20231220.0.304450894468412-BARRAID,FXFORWARDLEG-PAY-USDFORWARD12202023.USD.KWD.20231220.0.304450894468412-BARRAID,KWD FX Forward Leg,Missing Factor Exposures,GEMLTL
UTMF11170002,2023/09/30,FXFORWARDLEG-PAY-USDFORWARD12202023.USD.KWD.20231220.0.304729517748297-BARRAID,FXFORWARDLEG-PAY-USDFORWARD12202023.USD.KWD.20231220.0.304729517748297-BARRAID,KWD FX Forward Leg,Missing Factor Exposures,GEMLTL
UTMF11170002,2023/09/30,FXFORWARDLEG-PAY-USDFORWARD12202023.USD.KWD.20231220.0.305339998176045-BARRAID,FXFORWARDLEG-PAY-USDFORWARD12202023.USD.KWD.20231220.0.305339998176045-BARRAID,KWD FX Forward Leg,Missing Factor Exposures,GEMLTL
UTMF11170002,2023/09/30,FXFORWARDLEG-PAY-USDFORWARD12202023.USD.KWD.20231220.0.307017543859649-BARRAID,FXFORWARDLEG-PAY-USDFORWARD12202023.USD.KWD.20231220.0.307017543859649-BARRAID,KWD FX Forward Leg,Missing Factor Exposures,GEMLTL
UTMF11170002,2023/09/30,FXFORWARDLEG-PAY-USDFORWARD12202023.USD.KWD.20231220.0.307056432991595-BARRAID,FXFORWARDLEG-PAY-USDFORWARD12202023.USD.KWD.20231220.0.307056432991595-BARRAID,KWD FX Forward Leg,Missing Factor Exposures,GEMLTL
UTMF11170002,2023/09/30,FXFORWARDLEG-PAY-USDFORWARD12202023.USD.KWD.20231220.0.307130001142061-BARRAID,FXFORWARDLEG-PAY-USDFORWARD12202023.USD.KWD.20231220.0.307130001142061-BARRAID,KWD FX Forward Leg,Missing Factor Exposures,GEMLTL
UTMF11170002,2023/09/30,FXFORWARDLEG-PAY-USDFORWARD12202023.USD.KWD.20231220.0.307161345987921-BARRAID,FXFORWARDLEG-PAY-USDFORWARD12202023.USD.KWD.20231220.0.307161345987921-BARRAID,KWD FX Forward Leg,Missing Factor Exposures,GEMLTL
UTMF11170002,2023/09/30,FXFORWARDLEG-PAY-USDFORWARD12202023.USD.KWD.20231220.0.307199912839539-BARRAID,FXFORWARDLEG-PAY-USDFORWARD12202023.USD.KWD.20231220.0.307199912839539-BARRAID,KWD FX Forward Leg,Missing Factor Exposures,GEMLTL
UTMF11170002,2023/09/30,FXFORWARDLEG-PAY-USDFORWARD12202023.USD.KWD.20231220.0.307237813884786-BARRAID,FXFORWARDLEG-PAY-USDFORWARD12202023.USD.KWD.20231220.0.307237813884786-BARRAID,KWD FX Forward Leg,Missing Factor Exposures,GEMLTL
UTMF11170002,2023/09/30,FXFORWARDLEG-PAY-USDFORWARD12202023.USD.KWD.20231220.0.307506053268765-BARRAID,FXFORWARDLEG-PAY-USDFORWARD12202023.USD.KWD.20231220.0.307506053268765-BARRAID,KWD FX Forward Leg,Missing Factor Exposures,GEMLTL
UTMF11170002,2023/09/30,FXFORWARDLEG-PAY-USDFORWARD12202023.USD.KZT.20231220.469.499786262692-BARRAID,FXFORWARDLEG-PAY-USDFORWARD12202023.USD.KZT.20231220.469.499786262692-BARRAID,KZT FX Forward Leg,Missing Factor Exposures,GEMLTL
UTMF11170002,2023/09/30,FXFORWARDLEG-PAY-USDFORWARD12202023.USD.MAD.20231220.10.1804987765711-BARRAID,FXFORWARDLEG-PAY-USDFORWARD12202023.USD.MAD.20231220.10.1804987765711-BARRAID,MAD FX Forward Leg,Missing Factor Exposures,GEMLTL
UTMF11170002,2023/09/30,FXFORWARDLEG-PAY-USDFORWARD12202023.USD.MAD.20231220.10.1830005766905-BARRAID,FXFORWARDLEG-PAY-USDFORWARD12202023.USD.MAD.20231220.10.1830005766905-BARRAID,MAD FX Forward Leg,Missing Factor Exposures,GEMLTL
UTMF11170002,2023/09/30,FXFORWARDLEG-PAY-USDFORWARD12202023.USD.MAD.20231220.10.1900024468268-BARRAID,FXFORWARDLEG-PAY-USDFORWARD12202023.USD.MAD.20231220.10.1900024468268-BARRAID,MAD FX Forward Leg,Missing Factor Exposures,GEMLTL
UTMF11170002,2023/09/30,FXFORWARDLEG-PAY-USDFORWARD12202023.USD.MAD.20231220.10.1905000570521-BARRAID,FXFORWARDLEG-PAY-USDFORWARD12202023.USD.MAD.20231220.10.1905000570521-BARRAID,MAD FX Forward Leg,Missing Factor Exposures,GEMLTL
UTMF11170002,2023/09/30,FXFORWARDLEG-PAY-USDFORWARD12202023.USD.OMR.20231220.0.385240385813623-BARRAID,FXFORWARDLEG-PAY-USDFORWARD12202023.USD.OMR.20231220.0.385240385813623-BARRAID,OMR FX Forward Leg,Missing Factor Exposures,GEMLTL
UTMF11170002,2023/09/30,FXFORWARDLEG-PAY-USDFORWARD12202023.USD.OMR.20231220.0.385269543371601-BARRAID,FXFORWARDLEG-PAY-USDFORWARD12202023.USD.OMR.20231220.0.385269543371601-BARRAID,OMR FX Forward Leg,Missing Factor Exposures,GEMLTL
UTMF11170002,2023/09/30,FXFORWARDLEG-PAY-USDFORWARD12202023.USD.QAR.20231220.3.64230123212498-BARRAID,FXFORWARDLEG-PAY-USDFORWARD12202023.USD.QAR.20231220.3.64230123212498-BARRAID,QAR FX Forward Leg,Missing Factor Exposures,GEMLTL
UTMF11170002,2023/09/30,FXFORWARDLEG-PAY-USDFORWARD12202023.USD.QAR.20231220.3.64329385129678-BARRAID,FXFORWARDLEG-PAY-USDFORWARD12202023.USD.QAR.20231220.3.64329385129678-BARRAID,QAR FX Forward Leg,Missing Factor Exposures,GEMLTL
UTMF11170002,2023/09/30,FXFORWARDLEG-PAY-USDFORWARD12202023.USD.QAR.20231220.3.64880083420229-BARRAID,FXFORWARDLEG-PAY-USDFORWARD12202023.USD.QAR.20231220.3.64880083420229-BARRAID,QAR FX Forward Leg,Missing Factor Exposures,GEMLTL
UTMF11170002,2023/09/30,FXFORWARDLEG-PAY-USDFORWARD12202023.USD.QAR.20231220.3.65092340964835-BARRAID,FXFORWARDLEG-PAY-USDFORWARD12202023.USD.QAR.20231220.3.65092340964835-BARRAID,QAR FX Forward Leg,Missing Factor Exposures,GEMLTL
UTMF11170002,2023/09/30,FXFORWARDLEG-PAY-USDFORWARD12202023.USD.QAR.20231220.3.65256389276061-BARRAID,FXFORWARDLEG-PAY-USDFORWARD12202023.USD.QAR.20231220.3.65256389276061-BARRAID,QAR FX Forward Leg,Missing Factor Exposures,GEMLTL
UTMF11170002,2023/09/30,FXFORWARDLEG-PAY-USDFORWARD12202023.USD.QAR.20231220.3.65259734202327-BARRAID,FXFORWARDLEG-PAY-USDFORWARD12202023.USD.QAR.20231220.3.65259734202327-BARRAID,QAR FX Forward Leg,Missing Factor Exposures,GEMLTL
UTMF11170002,2023/09/30,FXFORWARDLEG-PAY-USDFORWARD12202023.USD.RSD.20231220.107.495496877977-BARRAID,FXFORWARDLEG-PAY-USDFORWARD12202023.USD.RSD.20231220.107.495496877977-BARRAID,RSD FX Forward Leg,Missing Factor Exposures,GEMLTL
UTMF11170002,2023/09/30,FXFORWARDLEG-PAY-USDFORWARD12202023.USD.RSD.20231220.108.892001286561-BARRAID,FXFORWARDLEG-PAY-USDFORWARD12202023.USD.RSD.20231220.108.892001286561-BARRAID,RSD FX Forward Leg,Missing Factor Exposures,GEMLTL
UTMF11170002,2023/09/30,FXFORWARDLEG-PAY-USDFORWARD12202023.USD.RSD.20231220.108.939988462637-BARRAID,FXFORWARDLEG-PAY-USDFORWARD12202023.USD.RSD.20231220.108.939988462637-BARRAID,RSD FX Forward Leg,Missing Factor Exposures,GEMLTL
UTMF11170002,2023/09/30,FXFORWARDLEG-PAY-USDFORWARD12202023.USD.RSD.20231220.109.164965718128-BARRAID,FXFORWARDLEG-PAY-USDFORWARD12202023.USD.RSD.20231220.109.164965718128-BARRAID,RSD FX Forward Leg,Missing Factor Exposures,GEMLTL
UTMF29100002,2023/09/30,COMP_UGEF29100002,COMP_UGEF29100002,Composite GEF MSCI US Passive,Empty or zero value composite,GEMLTL
UTMF29110002,2023/09/30,COMP_UGEF29110002,COMP_UGEF29110002,Composite GEF US VALUE PASSIVE,Empty or zero value composite,GEMLTL
UTMF29110002,2023/09/30,COMP_UPFF29110002,COMP_UPFF29110002,Composite PUF US VALUE PASSIVE,Empty or zero value composite,GEMLTL
UTMF29110002,2023/09/30,COMP_UTBF29110002,COMP_UTBF29110002,Composite ITF US VALUE PASSIVE,Empty or zero value composite,GEMLTL
UTMF29250002,2023/09/30,COMP_UGEF29250002,COMP_UGEF29250002,Composite AUTO - GEF PUBLIC EM PASSIVE,Empty or zero value composite,GEMLTL
UTMF29250002,2023/09/30,COMP_UPFF29250002,COMP_UPFF29250002,Composite AUTO - PUF PUBLIC EM PASSIVE,Empty or zero value composite,GEMLTL
UTMF29250002,2023/09/30,COMP_UTBF29250002,COMP_UTBF29250002,Composite AUTO - ITF PUBLIC EM PASSIVE,Empty or zero value composite,GEMLTL

