Job Summary
Report/Template,Portfolio,Report,Template,Analysis Strategy,Status,Status Message,Report ID,Time Series Setting Name,Alerts,Submitted Time,Report Run,File Name
DM Flat table CT,UTJF10170002,N/A,DM Flat table CT,GEMLTL MSCI World - Daily LT,Success,N/A,N/A,N/A,N/A,2023/11/01 14:02,2023/11/01 14:16,2023-09-30-2023-09-30_UTJF10170002_DM Flat table CT#25248.csv
DM Flat table CT,UTMF10001002,N/A,DM Flat table CT,GEMLTL MSCI World - Daily LT,Success,N/A,N/A,N/A,N/A,2023/11/01 13:57,2023/11/01 14:12,2023-09-30-2023-09-30_UTMF10001002_DM Flat table CT#25196.csv
DM Flat table CT,UTMF10010002,N/A,DM Flat table CT,GEMLTL MSCI World - Daily LT,Success,N/A,N/A,N/A,N/A,2023/11/01 14:07,2023/11/01 14:12,2023-09-30-2023-09-30_UTMF10010002_DM Flat table CT#25215.csv
DM Flat table CT,UTMF10020002,N/A,DM Flat table CT,GEMLTL MSCI World - Daily LT,Success,N/A,N/A,N/A,N/A,2023/11/01 13:55,2023/11/01 14:13,2023-09-30-2023-09-30_UTMF10020002_DM Flat table CT#25227.csv
DM Flat table CT,UTMF10030002,N/A,DM Flat table CT,GEMLTL MSCI World - Daily LT,Success,N/A,N/A,N/A,N/A,2023/11/01 13:56,2023/11/01 14:15,2023-09-30-2023-09-30_UTMF10030002_DM Flat table CT#25229.csv
DM Flat table CT,UTMF10060002,N/A,DM Flat table CT,GEMLTL MSCI World - Daily LT,Success,N/A,N/A,N/A,N/A,2023/11/01 13:57,2023/11/01 14:14,2023-09-30-2023-09-30_UTMF10060002_DM Flat table CT#25199.csv
DM Flat table CT,UTMF10080002,N/A,DM Flat table CT,GEMLTL MSCI World - Daily LT,Success,N/A,N/A,N/A,N/A,2023/11/01 14:01,2023/11/01 14:12,2023-09-30-2023-09-30_UTMF10080002_DM Flat table CT#25202.csv
DM Flat table CT,UTMF10160002,N/A,DM Flat table CT,GEMLTL MSCI World - Daily LT,Success,N/A,N/A,N/A,N/A,2023/11/01 13:54,2023/11/01 14:13,2023-09-30-2023-09-30_UTMF10160002_DM Flat table CT#25226.csv
DM Flat table CT,UTMF10260002,N/A,DM Flat table CT,GEMLTL MSCI World - Daily LT,Success,N/A,N/A,N/A,N/A,2023/11/01 13:55,2023/11/01 14:13,2023-09-30-2023-09-30_UTMF10260002_DM Flat table CT#25198.csv
DM Flat table CT,UTMF10310002,N/A,DM Flat table CT,GEMLTL MSCI World - Daily LT,Success,N/A,N/A,N/A,N/A,2023/11/01 13:55,2023/11/01 14:13,2023-09-30-2023-09-30_UTMF10310002_DM Flat table CT#25206.csv
DM Flat table CT,UTMF10330002,N/A,DM Flat table CT,GEMLTL MSCI World - Daily LT,Success,N/A,N/A,N/A,N/A,2023/11/01 14:03,2023/11/01 14:16,2023-09-30-2023-09-30_UTMF10330002_DM Flat table CT#25217.csv
DM Flat table CT,UTMF10360002,N/A,DM Flat table CT,GEMLTL MSCI World - Daily LT,Success,N/A,N/A,N/A,N/A,2023/11/01 13:54,2023/11/01 14:14,2023-09-30-2023-09-30_UTMF10360002_DM Flat table CT#25194.csv
DM Flat table CT,UTMF10440002,N/A,DM Flat table CT,GEMLTL MSCI World - Daily LT,Success,N/A,N/A,N/A,N/A,2023/11/01 13:58,2023/11/01 14:15,2023-09-30-2023-09-30_UTMF10440002_DM Flat table CT#25209.csv
DM Flat table CT,UTMF10531002,N/A,DM Flat table CT,GEMLTL MSCI World - Daily LT,Success,N/A,N/A,N/A,N/A,2023/11/01 14:04,2023/11/01 14:16,2023-09-30-2023-09-30_UTMF10531002_DM Flat table CT#25216.csv
DM Flat table CT,UTMF10610002,N/A,DM Flat table CT,GEMLTL MSCI World - Daily LT,Success,N/A,N/A,N/A,N/A,2023/11/01 14:02,2023/11/01 14:13,2023-09-30-2023-09-30_UTMF10610002_DM Flat table CT#25193.csv
DM Flat table CT,UTMF10720002,N/A,DM Flat table CT,GEMLTL MSCI World - Daily LT,Success,N/A,N/A,N/A,N/A,2023/11/01 14:04,2023/11/01 14:15,2023-09-30-2023-09-30_UTMF10720002_DM Flat table CT#25228.csv
DM Flat table CT,UTMF10730002,N/A,DM Flat table CT,GEMLTL MSCI World - Daily LT,Success,N/A,N/A,N/A,N/A,2023/11/01 14:00,2023/11/01 14:15,2023-09-30-2023-09-30_UTMF10730002_DM Flat table CT#25231.csv
DM Flat table CT,UTMF10740002,N/A,DM Flat table CT,GEMLTL MSCI World - Daily LT,Success,N/A,N/A,N/A,N/A,2023/11/01 14:03,2023/11/01 14:12,2023-09-30-2023-09-30_UTMF10740002_DM Flat table CT#25225.csv
DM Flat table CT,UTMF10750002,N/A,DM Flat table CT,GEMLTL MSCI World - Daily LT,Success,N/A,N/A,N/A,N/A,2023/11/01 14:06,2023/11/01 14:13,2023-09-30-2023-09-30_UTMF10750002_DM Flat table CT#25203.csv
DM Flat table CT,UTMF10760002,N/A,DM Flat table CT,GEMLTL MSCI World - Daily LT,Success,N/A,N/A,N/A,N/A,2023/11/01 14:06,2023/11/01 14:13,2023-09-30-2023-09-30_UTMF10760002_DM Flat table CT#25201.csv
DM Flat table CT,UTMF10780002,N/A,DM Flat table CT,GEMLTL MSCI World - Daily LT,Success,N/A,N/A,N/A,N/A,2023/11/01 13:54,2023/11/01 14:16,2023-09-30-2023-09-30_UTMF10780002_DM Flat table CT#25200.csv
DM Flat table CT,UTMF10790002,N/A,DM Flat table CT,GEMLTL MSCI World - Daily LT,Success,N/A,N/A,N/A,N/A,2023/11/01 14:02,2023/11/01 14:12,2023-09-30-2023-09-30_UTMF10790002_DM Flat table CT#25213.csv
DM Flat table CT,UTMF10800002,N/A,DM Flat table CT,GEMLTL MSCI World - Daily LT,Success,N/A,N/A,N/A,N/A,2023/11/01 14:02,2023/11/01 14:14,2023-09-30-2023-09-30_UTMF10800002_DM Flat table CT#25219.csv
DM Flat table CT,UTMF10810002,N/A,DM Flat table CT,GEMLTL MSCI World - Daily LT,Success,N/A,N/A,N/A,N/A,2023/11/01 14:08,2023/11/01 14:14,2023-09-30-2023-09-30_UTMF10810002_DM Flat table CT#25195.csv
DM Flat table CT,UTMF10830002,N/A,DM Flat table CT,GEMLTL MSCI World - Daily LT,Success,N/A,N/A,N/A,N/A,2023/11/01 13:55,2023/11/01 14:12,2023-09-30-2023-09-30_UTMF10830002_DM Flat table CT#25214.csv
DM Flat table CT,UTMF10840002,N/A,DM Flat table CT,GEMLTL MSCI World - Daily LT,Success,N/A,N/A,N/A,N/A,2023/11/01 14:02,2023/11/01 14:15,2023-09-30-2023-09-30_UTMF10840002_DM Flat table CT#25220.csv
DM Flat table CT,UTMF10850002,N/A,DM Flat table CT,GEMLTL MSCI World - Daily LT,Success,N/A,N/A,N/A,N/A,2023/11/01 14:01,2023/11/01 14:13,2023-09-30-2023-09-30_UTMF10850002_DM Flat table CT#25208.csv
DM Flat table CT,UTMF10860002,N/A,DM Flat table CT,GEMLTL MSCI World - Daily LT,Success,N/A,N/A,N/A,N/A,2023/11/01 14:02,2023/11/01 14:15,2023-09-30-2023-09-30_UTMF10860002_DM Flat table CT#25197.csv
DM Flat table CT,UTMF10870002,N/A,DM Flat table CT,GEMLTL MSCI World - Daily LT,Success,N/A,N/A,N/A,N/A,2023/11/01 14:01,2023/11/01 14:14,2023-09-30-2023-09-30_UTMF10870002_DM Flat table CT#25221.csv
DM Flat table CT,UTMF10880002,N/A,DM Flat table CT,GEMLTL MSCI World - Daily LT,Success,N/A,N/A,N/A,N/A,2023/11/01 13:55,2023/11/01 14:14,2023-09-30-2023-09-30_UTMF10880002_DM Flat table CT#25223.csv
DM Flat table CT,UTMF10890002,N/A,DM Flat table CT,GEMLTL MSCI World - Daily LT,Success,N/A,N/A,N/A,N/A,2023/11/01 14:07,2023/11/01 14:12,2023-09-30-2023-09-30_UTMF10890002_DM Flat table CT#25211.csv
DM Flat table CT,UTMF10900002,N/A,DM Flat table CT,GEMLTL MSCI World - Daily LT,Success,N/A,N/A,N/A,N/A,2023/11/01 13:58,2023/11/01 14:13,2023-09-30-2023-09-30_UTMF10900002_DM Flat table CT#25218.csv
DM Flat table CT,UTMF10910002,N/A,DM Flat table CT,GEMLTL MSCI World - Daily LT,Success,N/A,N/A,N/A,N/A,2023/11/01 14:05,2023/11/01 14:14,2023-09-30-2023-09-30_UTMF10910002_DM Flat table CT#25224.csv
DM Flat table CT,UTMF10920002,N/A,DM Flat table CT,GEMLTL MSCI World - Daily LT,Success,N/A,N/A,N/A,N/A,2023/11/01 14:04,2023/11/01 14:15,2023-09-30-2023-09-30_UTMF10920002_DM Flat table CT#25207.csv
DM Flat table CT,UTMF10980002,N/A,DM Flat table CT,GEMLTL MSCI World - Daily LT,Success,N/A,N/A,N/A,N/A,2023/11/01 13:58,2023/11/01 14:15,2023-09-30-2023-09-30_UTMF10980002_DM Flat table CT#25210.csv
DM Flat table CT,UTMF10990002,N/A,DM Flat table CT,GEMLTL MSCI World - Daily LT,Success,N/A,N/A,N/A,N/A,2023/11/01 13:58,2023/11/01 14:16,2023-09-30-2023-09-30_UTMF10990002_DM Flat table CT#25212.csv
DM Flat table CT,UTMF11000002,N/A,DM Flat table CT,GEMLTL MSCI World - Daily LT,Success,N/A,N/A,N/A,N/A,2023/11/01 13:56,2023/11/01 14:12,2023-09-30-2023-09-30_UTMF11000002_DM Flat table CT#25230.csv
DM Flat table CT,UTMF11010002,N/A,DM Flat table CT,GEMLTL MSCI World - Daily LT,Success,N/A,N/A,N/A,N/A,2023/11/01 13:56,2023/11/01 14:15,2023-09-30-2023-09-30_UTMF11010002_DM Flat table CT#25205.csv
DM Flat table CT,UTMF11020002,N/A,DM Flat table CT,GEMLTL MSCI World - Daily LT,Success,N/A,N/A,N/A,N/A,2023/11/01 14:07,2023/11/01 14:14,2023-09-30-2023-09-30_UTMF11020002_DM Flat table CT#25204.csv
DM Flat table CT,UTMF11030002_PROXY,N/A,DM Flat table CT,GEMLTL MSCI World - Daily LT,Success,N/A,N/A,N/A,N/A,2023/11/01 14:03,2023/11/01 14:13,2023-09-30-2023-09-30_UTMF11030002_PROXY_DM Flat table CT#25234.csv
DM Flat table CT,UTMF11060002,N/A,DM Flat table CT,GEMLTL MSCI World - Daily LT,Success,N/A,N/A,N/A,N/A,2023/11/01 14:03,2023/11/01 14:12,2023-09-30-2023-09-30_UTMF11060002_DM Flat table CT#25222.csv
DM Flat table CT,UTMF11070002,N/A,DM Flat table CT,GEMLTL MSCI World - Daily LT,Success,N/A,N/A,N/A,N/A,2023/11/01 14:05,2023/11/01 14:12,2023-09-30-2023-09-30_UTMF11070002_DM Flat table CT#25232.csv
DM Flat table CT,UTMF11090002,N/A,DM Flat table CT,GEMLTL MSCI World - Daily LT,Success,N/A,N/A,N/A,N/A,2023/11/01 14:07,2023/11/01 14:15,2023-09-30-2023-09-30_UTMF11090002_DM Flat table CT#25233.csv
DM Flat table CT,UTMF11100002,N/A,DM Flat table CT,GEMLTL MSCI World - Daily LT,Success,N/A,N/A,N/A,N/A,2023/11/01 14:04,2023/11/01 14:15,2023-09-30-2023-09-30_UTMF11100002_DM Flat table CT#25235.csv
DM Flat table CT,UTMF11110002,N/A,DM Flat table CT,GEMLTL MSCI World - Daily LT,Success,N/A,N/A,N/A,N/A,2023/11/01 14:10,2023/11/01 14:15,2023-09-30-2023-09-30_UTMF11110002_DM Flat table CT#25238.csv
DM Flat table CT,UTMF11120002,N/A,DM Flat table CT,GEMLTL MSCI World - Daily LT,Success,N/A,N/A,N/A,N/A,2023/11/01 13:55,2023/11/01 14:14,2023-09-30-2023-09-30_UTMF11120002_DM Flat table CT#25243.csv
DM Flat table CT,UTMF11130002,N/A,DM Flat table CT,GEMLTL MSCI World - Daily LT,Success,N/A,N/A,N/A,N/A,2023/11/01 14:05,2023/11/01 14:14,2023-09-30-2023-09-30_UTMF11130002_DM Flat table CT#25237.csv
DM Flat table CT,UTMF11170002,N/A,DM Flat table CT,GEMLTL MSCI World - Daily LT,Success,N/A,N/A,N/A,N/A,2023/11/01 14:01,2023/11/01 14:14,2023-09-30-2023-09-30_UTMF11170002_DM Flat table CT#25245.csv
DM Flat table CT,UTMF11180002,N/A,DM Flat table CT,GEMLTL MSCI World - Daily LT,Success,N/A,N/A,N/A,N/A,2023/11/01 14:08,2023/11/01 14:12,2023-09-30-2023-09-30_UTMF11180002_DM Flat table CT#25244.csv
DM Flat table CT,UTMF11190002,N/A,DM Flat table CT,GEMLTL MSCI World - Daily LT,Success,N/A,N/A,N/A,N/A,2023/11/01 14:06,2023/11/01 14:12,2023-09-30-2023-09-30_UTMF11190002_DM Flat table CT#25247.csv
DM Flat table CT,UTMF11250002,N/A,DM Flat table CT,GEMLTL MSCI World - Daily LT,Success,N/A,N/A,N/A,N/A,2023/11/01 14:05,2023/11/01 14:15,2023-09-30-2023-09-30_UTMF11250002_DM Flat table CT#25249.csv
DM Flat table CT,UTMF11280002,N/A,DM Flat table CT,GEMLTL MSCI World - Daily LT,Success,N/A,N/A,N/A,N/A,2023/11/01 13:56,2023/11/01 14:14,2023-09-30-2023-09-30_UTMF11280002_DM Flat table CT#25250.csv
DM Flat table CT,UTMF23431002,N/A,DM Flat table CT,GEMLTL MSCI World - Daily LT,Success,N/A,N/A,N/A,N/A,2023/11/01 13:59,2023/11/01 14:12,2023-09-30-2023-09-30_UTMF23431002_DM Flat table CT#25239.csv
DM Flat table CT,UTMF29100002,N/A,DM Flat table CT,GEMLTL MSCI World - Daily LT,Success,N/A,N/A,N/A,N/A,2023/11/01 13:56,2023/11/01 14:13,2023-09-30-2023-09-30_UTMF29100002_DM Flat table CT#25240.csv
DM Flat table CT,UTMF29110002,N/A,DM Flat table CT,GEMLTL MSCI World - Daily LT,Success,N/A,N/A,N/A,N/A,2023/11/01 13:58,2023/11/01 14:14,2023-09-30-2023-09-30_UTMF29110002_DM Flat table CT#25241.csv
DM Flat table CT,UTMF29250002,N/A,DM Flat table CT,GEMLTL MSCI World - Daily LT,Success,N/A,N/A,N/A,N/A,2023/11/01 14:03,2023/11/01 14:12,2023-09-30-2023-09-30_UTMF29250002_DM Flat table CT#25236.csv
DM Flat table CT,UTMF29260002,N/A,DM Flat table CT,GEMLTL MSCI World - Daily LT,Success,N/A,N/A,N/A,N/A,2023/11/01 14:00,2023/11/01 14:15,2023-09-30-2023-09-30_UTMF29260002_DM Flat table CT#25242.csv
DM Flat table CT,UTMF29370002,N/A,DM Flat table CT,GEMLTL MSCI World - Daily LT,Success,N/A,N/A,N/A,N/A,2023/11/01 13:55,2023/11/01 14:13,2023-09-30-2023-09-30_UTMF29370002_DM Flat table CT#25246.csv

