Job Summary
Report/Template,Portfolio,Report,Template,Analysis Strategy,Status,Status Message,Report ID,Time Series Setting Name,Alerts,Submitted Time,Report Run,File Name
DM Flat table CT,BOVESPA Brazil 100 Index,N/A,DM Flat table CT,GEMLTL MSCI World - Daily LT,Success,N/A,N/A,N/A,N/A,2023/10/10 16:19,2023/10/10 16:19,2023-09-30-2023-09-30_BOVESPA Brazil 100 Index_DM Flat table CT#23619.csv
DM Flat table CT,MSCI AC ASIA - Daily,N/A,DM Flat table CT,GEMLTL MSCI World - Daily LT,Success,N/A,N/A,N/A,N/A,2023/10/10 16:18,2023/10/10 16:19,2023-09-30-2023-09-30_MSCI AC ASIA - Daily_DM Flat table CT#23612.csv
DM Flat table CT,MSCI AC ASIA ex JAPAN - Daily,N/A,DM Flat table CT,GEMLTL MSCI World - Daily LT,Success,N/A,N/A,N/A,N/A,2023/10/10 16:18,2023/10/10 16:19,2023-09-30-2023-09-30_MSCI AC ASIA ex JAPAN - Daily_DM Flat table CT#23593.csv
DM Flat table CT,MSCI AC ASIA PACIFIC - Daily,N/A,DM Flat table CT,GEMLTL MSCI World - Daily LT,Success,N/A,N/A,N/A,N/A,2023/10/10 16:18,2023/10/10 16:19,2023-09-30-2023-09-30_MSCI AC ASIA PACIFIC - Daily_DM Flat table CT#23599.csv
DM Flat table CT,MSCI ACWI - Daily,N/A,DM Flat table CT,GEMLTL MSCI World - Daily LT,Success,N/A,N/A,N/A,N/A,2023/10/10 16:18,2023/10/10 16:19,2023-09-30-2023-09-30_MSCI ACWI - Daily_DM Flat table CT#23592.csv
DM Flat table CT,MSCI ACWI IMI - Daily,N/A,DM Flat table CT,GEMLTL MSCI World - Daily LT,Success,N/A,N/A,N/A,N/A,2023/10/10 16:19,2023/10/10 16:19,2023-09-30-2023-09-30_MSCI ACWI IMI - Daily_DM Flat table CT#23616.csv
DM Flat table CT,MSCI CHINA - Daily,N/A,DM Flat table CT,GEMLTL MSCI World - Daily LT,Success,N/A,N/A,N/A,N/A,2023/10/10 16:19,2023/10/10 16:19,2023-09-30-2023-09-30_MSCI CHINA - Daily_DM Flat table CT#23622.csv
DM Flat table CT,MSCI CHINA A - Daily,N/A,DM Flat table CT,GEMLTL MSCI World - Daily LT,Success,N/A,N/A,N/A,N/A,2023/10/10 16:18,2023/10/10 16:19,2023-09-30-2023-09-30_MSCI CHINA A - Daily_DM Flat table CT#23624.csv
DM Flat table CT,MSCI China A International Index - Daily,N/A,DM Flat table CT,GEMLTL MSCI World - Daily LT,Success,N/A,N/A,N/A,N/A,2023/10/10 16:18,2023/10/10 16:19,2023-09-30-2023-09-30_MSCI China A International Index - Daily_DM Flat table CT#23625.csv
DM Flat table CT,MSCI EAFE - Daily,N/A,DM Flat table CT,GEMLTL MSCI World - Daily LT,Success,N/A,N/A,N/A,N/A,2023/10/10 16:18,2023/10/10 16:19,2023-09-30-2023-09-30_MSCI EAFE - Daily_DM Flat table CT#23594.csv
DM Flat table CT,MSCI EAFE VALUE - Daily,N/A,DM Flat table CT,GEMLTL MSCI World - Daily LT,Success,N/A,N/A,N/A,N/A,2023/10/10 16:18,2023/10/10 16:19,2023-09-30-2023-09-30_MSCI EAFE VALUE - Daily_DM Flat table CT#23601.csv
DM Flat table CT,MSCI EM (EMERGING MARKETS) - Daily,N/A,DM Flat table CT,GEMLTL MSCI World - Daily LT,Success,N/A,N/A,N/A,N/A,2023/10/10 16:18,2023/10/10 16:19,2023-09-30-2023-09-30_MSCI EM (EMERGING MARKETS) - Daily_DM Flat table CT#23595.csv
DM Flat table CT,MSCI EM (EMERGING MARKETS) ex CHINA,N/A,DM Flat table CT,GEMLTL MSCI World - Daily LT,Success,N/A,N/A,N/A,N/A,2023/10/10 16:18,2023/10/10 16:19,2023-09-30-2023-09-30_MSCI EM (EMERGING MARKETS) ex CHINA_DM Flat table CT#23621.csv
DM Flat table CT,MSCI EM (EMERGING MARKETS) IMI - Daily,N/A,DM Flat table CT,GEMLTL MSCI World - Daily LT,Success,N/A,N/A,N/A,N/A,2023/10/10 16:19,2023/10/10 16:19,2023-09-30-2023-09-30_MSCI EM (EMERGING MARKETS) IMI - Daily_DM Flat table CT#23603.csv
DM Flat table CT,MSCI EM (EMERGING MARKETS) SMALL CAP - Daily,N/A,DM Flat table CT,GEMLTL MSCI World - Daily LT,Success,N/A,N/A,N/A,N/A,2023/10/10 16:19,2023/10/10 16:19,2023-09-30-2023-09-30_MSCI EM (EMERGING MARKETS) SMALL CAP - Daily_DM Flat table CT#23615.csv
DM Flat table CT,MSCI EM LATIN AMERICA - Daily,N/A,DM Flat table CT,GEMLTL MSCI World - Daily LT,Success,N/A,N/A,N/A,N/A,2023/10/10 16:18,2023/10/10 16:19,2023-09-30-2023-09-30_MSCI EM LATIN AMERICA - Daily_DM Flat table CT#23613.csv
DM Flat table CT,MSCI EUROPE - Daily,N/A,DM Flat table CT,GEMLTL MSCI World - Daily LT,Success,N/A,N/A,N/A,N/A,2023/10/10 16:18,2023/10/10 16:19,2023-09-30-2023-09-30_MSCI EUROPE - Daily_DM Flat table CT#23596.csv
DM Flat table CT,MSCI INDIA - Daily,N/A,DM Flat table CT,GEMLTL MSCI World - Daily LT,Success,N/A,N/A,N/A,N/A,2023/10/10 16:18,2023/10/10 16:19,2023-09-30-2023-09-30_MSCI INDIA - Daily_DM Flat table CT#23604.csv
DM Flat table CT,MSCI INDIA MID CAP - Daily,N/A,DM Flat table CT,GEMLTL MSCI World - Daily LT,Success,N/A,N/A,N/A,N/A,2023/10/10 16:18,2023/10/10 16:19,2023-09-30-2023-09-30_MSCI INDIA MID CAP - Daily_DM Flat table CT#23623.csv
DM Flat table CT,MSCI JAPAN - Daily,N/A,DM Flat table CT,GEMLTL MSCI World - Daily LT,Success,N/A,N/A,N/A,N/A,2023/10/10 16:18,2023/10/10 16:19,2023-09-30-2023-09-30_MSCI JAPAN - Daily_DM Flat table CT#23605.csv
DM Flat table CT,MSCI KOREA - Daily,N/A,DM Flat table CT,GEMLTL MSCI World - Daily LT,Success,N/A,N/A,N/A,N/A,2023/10/10 16:18,2023/10/10 16:19,2023-09-30-2023-09-30_MSCI KOREA - Daily_DM Flat table CT#23608.csv
DM Flat table CT,MSCI RUSSIA - Daily,N/A,DM Flat table CT,GEMLTL MSCI World - Daily LT,Success,N/A,N/A,N/A,N/A,2023/10/10 16:18,2023/10/10 16:19,2023-09-30-2023-09-30_MSCI RUSSIA - Daily_DM Flat table CT#23606.csv
DM Flat table CT,MSCI TAIWAN - Daily,N/A,DM Flat table CT,GEMLTL MSCI World - Daily LT,Success,N/A,N/A,N/A,N/A,2023/10/10 16:19,2023/10/10 16:19,2023-09-30-2023-09-30_MSCI TAIWAN - Daily_DM Flat table CT#23609.csv
DM Flat table CT,MSCI USA - Daily,N/A,DM Flat table CT,GEMLTL MSCI World - Daily LT,Success,N/A,N/A,N/A,N/A,2023/10/10 16:18,2023/10/10 16:19,2023-09-30-2023-09-30_MSCI USA - Daily_DM Flat table CT#23607.csv
DM Flat table CT,MSCI USA MICRO CAP - Daily,N/A,DM Flat table CT,GEMLTL MSCI World - Daily LT,Success,N/A,N/A,N/A,N/A,2023/10/10 16:19,2023/10/10 16:19,2023-09-30-2023-09-30_MSCI USA MICRO CAP - Daily_DM Flat table CT#23614.csv
DM Flat table CT,MSCI USA MID CAP - Daily,N/A,DM Flat table CT,GEMLTL MSCI World - Daily LT,Success,N/A,N/A,N/A,N/A,2023/10/10 16:18,2023/10/10 16:19,2023-09-30-2023-09-30_MSCI USA MID CAP - Daily_DM Flat table CT#23610.csv
DM Flat table CT,MSCI USA MID VALUE - Daily,N/A,DM Flat table CT,GEMLTL MSCI World - Daily LT,Success,N/A,N/A,N/A,N/A,2023/10/10 16:18,2023/10/10 16:19,2023-09-30-2023-09-30_MSCI USA MID VALUE - Daily_DM Flat table CT#23618.csv
DM Flat table CT,MSCI USA VALUE - Daily,N/A,DM Flat table CT,GEMLTL MSCI World - Daily LT,Success,N/A,N/A,N/A,N/A,2023/10/10 16:18,2023/10/10 16:19,2023-09-30-2023-09-30_MSCI USA VALUE - Daily_DM Flat table CT#23600.csv
DM Flat table CT,MSCI WORLD - Daily,N/A,DM Flat table CT,GEMLTL MSCI World - Daily LT,Success,N/A,N/A,N/A,N/A,2023/10/10 16:18,2023/10/10 16:19,2023-09-30-2023-09-30_MSCI WORLD - Daily_DM Flat table CT#23597.csv
DM Flat table CT,MSCI WORLD ex USA - Daily,N/A,DM Flat table CT,GEMLTL MSCI World - Daily LT,Success,N/A,N/A,N/A,N/A,2023/10/10 16:18,2023/10/10 16:19,2023-09-30-2023-09-30_MSCI WORLD ex USA - Daily_DM Flat table CT#23598.csv
DM Flat table CT,NASDAQ Biotechnology Total Return,N/A,DM Flat table CT,GEMLTL MSCI World - Daily LT,Success,N/A,N/A,N/A,N/A,2023/10/10 16:19,2023/10/10 16:19,2023-09-30-2023-09-30_NASDAQ Biotechnology Total Return_DM Flat table CT#23620.csv
DM Flat table CT,Russell 3000 INDEX,N/A,DM Flat table CT,GEMLTL MSCI World - Daily LT,Success,N/A,N/A,N/A,N/A,2023/10/10 16:18,2023/10/10 16:19,2023-09-30-2023-09-30_Russell 3000 INDEX_DM Flat table CT#23590.csv
DM Flat table CT,Russell 3000 VALUE ,N/A,DM Flat table CT,GEMLTL MSCI World - Daily LT,Success,N/A,N/A,N/A,N/A,2023/10/10 16:18,2023/10/10 16:19,2023-09-30-2023-09-30_Russell 3000 VALUE _DM Flat table CT#23591.csv
DM Flat table CT,Russell TOP 200 ,N/A,DM Flat table CT,GEMLTL MSCI World - Daily LT,Success,N/A,N/A,N/A,N/A,2023/10/10 16:18,2023/10/10 16:19,2023-09-30-2023-09-30_Russell TOP 200 _DM Flat table CT#23589.csv
DM Flat table CT,S&P 500 Index,N/A,DM Flat table CT,GEMLTL MSCI World - Daily LT,Success,N/A,N/A,N/A,N/A,2023/10/10 16:18,2023/10/10 16:19,2023-09-30-2023-09-30_S&P 500 Index_DM Flat table CT#23611.csv
DM Flat table CT,SPSIBITR - NBI (50 - 50),N/A,DM Flat table CT,GEMLTL MSCI World - Daily LT,Success,N/A,N/A,N/A,N/A,2023/10/10 16:18,2023/10/10 16:19,2023-09-30-2023-09-30_SPSIBITR - NBI (50 - 50)_DM Flat table CT#23626.csv
DM Flat table CT,Taiwan Stock Exchange Index,N/A,DM Flat table CT,GEMLTL MSCI World - Daily LT,Success,N/A,N/A,N/A,N/A,2023/10/10 16:18,2023/10/10 16:19,2023-09-30-2023-09-30_Taiwan Stock Exchange Index_DM Flat table CT#23617.csv
DM Flat table CT,TOPIX Index (TOKYO),N/A,DM Flat table CT,GEMLTL MSCI World - Daily LT,Success,N/A,N/A,N/A,N/A,2023/10/10 16:19,2023/10/10 16:19,2023-09-30-2023-09-30_TOPIX Index (TOKYO)_DM Flat table CT#23602.csv

